id,departure_airport_icao_code,arrival_airport_icao_code,scheduled_runway_departure,actual_runway_departure,scheduled_runway_arrival,actual_runway_arrival,idif_actual_runway_departure,idif_actual_runway_arrival
306141890,KJST,KIAD,2013-08-17 00:05:00,2013-08-16 23:43:00,2013-08-17 00:36:00,2013-08-17 00:16:00,0,33
306105192,KBIL,KSDY,2013-08-17 00:00:00,2013-08-16 23:45:00,2013-08-17 00:53:00,2013-08-17 00:43:00,2,60
306138723,KIND,KDEN,2013-08-17 00:01:00,2013-08-16 23:46:00,2013-08-17 02:12:00,2013-08-17 01:57:00,3,134
306177214,KSLC,KDFW,2013-08-17 00:00:00,2013-08-16 23:48:00,2013-08-17 02:35:00,2013-08-17 01:51:00,5,128
306490560,KMWH,KBFI,2013-08-17 00:02:00,2013-08-16 23:48:00,2013-08-17 00:43:00,2013-08-17 00:32:00,5,49
306127426,KEYW,KMIA,2013-08-17 00:01:00,2013-08-16 23:50:00,2013-08-17 00:47:00,2013-08-17 00:14:00,7,31
306490405,KOLF,KGTF,2013-08-17 00:00:00,2013-08-16 23:51:00,2013-08-17 01:56:00,2013-08-17 01:33:00,8,110
306118655,KCVG,KIAD,2013-08-17 00:01:00,2013-08-16 23:51:00,2013-08-17 01:04:00,2013-08-17 00:53:00,8,70
306171553,KRNO,KLAX,2013-08-17 00:04:00,2013-08-16 23:52:00,2013-08-17 01:28:00,2013-08-17 00:52:00,9,69
306162697,KORD,KDFW,2013-08-17 00:00:00,2013-08-16 23:53:00,2013-08-17 02:20:00,2013-08-17 01:41:00,10,118
306490596,KIGM,KPRC,2013-08-17 00:05:00,2013-08-16 23:53:00,2013-08-17 00:26:00,2013-08-17 00:16:00,10,33
306161243,KOAJ,KCLT,2013-08-17 00:04:00,2013-08-16 23:54:00,2013-08-17 00:50:00,2013-08-17 00:37:00,11,54
306115932,KCLT,KTRI,2013-08-17 00:00:00,2013-08-16 23:55:00,2013-08-17 00:33:00,2013-08-17 00:23:00,12,40
306162983,KORD,KLAX,2013-08-17 00:00:00,2013-08-16 23:55:00,2013-08-17 04:24:00,2013-08-17 03:36:00,12,233
306116146,KCMH,KMSP,2013-08-17 00:01:00,2013-08-16 23:55:00,2013-08-17 01:28:00,2013-08-17 01:27:00,12,104
306490175,KART,KLWM,2013-08-17 00:00:00,2013-08-16 23:56:00,2013-08-17 00:42:00,2013-08-17 00:40:00,13,57
306157328,KMSP,KJFK,2013-08-17 00:05:00,2013-08-16 23:56:00,2013-08-17 02:13:00,2013-08-17 02:14:00,13,151
306154169,KMEM,KCLT,2013-08-17 00:00:00,2013-08-16 23:56:00,2013-08-17 01:14:00,2013-08-17 01:13:00,13,90
306110652,KCAK,KCLT,2013-08-17 00:06:00,2013-08-16 23:57:00,2013-08-17 01:17:00,2013-08-17 01:06:00,14,83
306117088,KCPR,KDEN,2013-08-17 00:02:00,2013-08-16 23:57:00,2013-08-17 00:49:00,2013-08-17 00:38:00,14,55
306115843,KCLT,KROA,2013-08-17 00:02:00,2013-08-16 23:57:00,2013-08-17 00:42:00,2013-08-17 00:34:00,14,51
306115569,KCLT,KJFK,2013-08-17 00:03:00,2013-08-16 23:57:00,2013-08-17 01:19:00,2013-08-17 01:15:00,14,92
306167493,KPHX,KSFO,2013-08-17 00:00:00,2013-08-16 23:58:00,2013-08-17 01:36:00,2013-08-17 01:29:00,15,106
306124217,KDTW,KCMH,2013-08-17 00:00:00,2013-08-16 23:58:00,2013-08-17 00:31:00,2013-08-17 00:25:00,15,42
306146602,KLAX,KPDX,2013-08-17 00:04:00,2013-08-16 23:58:00,2013-08-17 01:49:00,2013-08-17 01:43:00,15,120
306152905,KMCO,KLAS,2013-08-17 00:00:00,2013-08-16 23:58:00,2013-08-17 04:26:00,2013-08-17 04:26:00,15,283
306146883,KLAX,KSMF,2013-08-17 00:02:00,2013-08-16 23:58:00,2013-08-17 01:09:00,2013-08-17 00:54:00,15,71
306118680,KCVG,KMDT,2013-08-17 00:04:00,2013-08-16 23:58:00,2013-08-17 01:06:00,2013-08-17 00:57:00,15,74
306490420,KBJI,KGFK,2013-08-17 00:02:00,2013-08-16 23:59:00,2013-08-17 00:47:00,2013-08-17 00:37:00,16,54
306128291,KFLG,KPHX,2013-08-17 00:06:00,2013-08-16 23:59:00,2013-08-17 00:39:00,2013-08-17 00:27:00,16,44
306146079,KLAW,KDFW,2013-08-17 00:02:00,2013-08-16 23:59:00,2013-08-17 00:57:00,2013-08-17 00:29:00,16,46
306167768,KPIT,KMSP,2013-08-17 00:00:00,2013-08-16 23:59:00,2013-08-17 01:38:00,2013-08-17 01:44:00,16,121
306146821,KLAX,KSJC,2013-08-17 00:06:00,2013-08-16 23:59:00,2013-08-17 00:55:00,2013-08-17 00:49:00,16,66
306152840,KMCO,KEWR,2013-08-17 00:01:00,2013-08-16 23:59:00,2013-08-17 01:59:00,2013-08-17 02:16:00,16,153
306167089,KPHX,KBOI,2013-08-17 00:02:00,2013-08-17 00:00:00,2013-08-17 01:45:00,2013-08-17 01:44:00,17,121
306183202,KTPA,KMIA,2013-08-17 00:02:00,2013-08-17 00:00:00,2013-08-17 01:10:00,2013-08-17 00:37:00,17,54
306394450,KTVC,KGRR,2013-08-17 00:05:00,2013-08-17 00:00:00,2013-08-17 00:54:00,2013-08-17 00:49:00,17,66
306108028,KBOS,KEWR,2013-08-17 00:01:00,2013-08-17 00:00:00,2013-08-17 00:56:00,2013-08-17 00:47:00,17,64
306162855,KORD,KGSP,2013-08-17 00:04:00,2013-08-17 00:00:00,2013-08-17 01:26:00,2013-08-17 01:22:00,17,99
306115047,KCLE,KROC,2013-08-17 00:04:00,2013-08-17 00:00:00,2013-08-17 00:59:00,2013-08-17 00:54:00,17,71
306150179,KLIT,KIAH,2013-08-17 00:00:00,2013-08-17 00:00:00,2013-08-17 01:02:00,2013-08-17 00:59:00,17,76
306152629,KMCI,KLGA,2013-08-17 00:05:00,2013-08-17 00:01:00,2013-08-17 02:27:00,2013-08-17 02:20:00,18,157
306167593,KPHX,KNYL,2013-08-17 00:02:00,2013-08-17 00:01:00,2013-08-17 00:27:00,2013-08-17 00:32:00,18,49
306115309,KCLT,KCHO,2013-08-17 00:01:00,2013-08-17 00:01:00,2013-08-17 00:56:00,2013-08-17 00:55:00,18,72
306121183,KDFW,KABI,2013-08-17 00:01:00,2013-08-17 00:01:00,2013-08-17 00:34:00,2013-08-17 00:29:00,18,46
306131936,KGSO,KIAD,2013-08-17 00:00:00,2013-08-17 00:01:00,2013-08-17 00:52:00,2013-08-17 00:47:00,18,64
306155410,KMIA,KLGA,2013-08-17 00:00:00,2013-08-17 00:01:00,2013-08-17 02:20:00,2013-08-17 02:25:00,18,162
306167269,KPHX,KLAS,2013-08-17 00:03:00,2013-08-17 00:01:00,2013-08-17 00:45:00,2013-08-17 00:43:00,18,60
306166842,KPHL,KORD,2013-08-17 00:06:00,2013-08-17 00:01:00,2013-08-17 01:45:00,2013-08-17 01:44:00,18,121
306163506,KORD,KSTL,2013-08-17 00:05:00,2013-08-17 00:01:00,2013-08-17 01:01:00,2013-08-17 00:42:00,18,59
306163278,KORD,KPHL,2013-08-17 00:02:00,2013-08-17 00:02:00,2013-08-17 01:35:00,2013-08-17 01:29:00,19,106
306167553,KPHX,KSNA,2013-08-17 00:02:00,2013-08-17 00:02:00,2013-08-17 00:55:00,2013-08-17 00:54:00,19,71
306121642,KDFW,KLAX,2013-08-17 00:06:00,2013-08-17 00:02:00,2013-08-17 03:10:00,2013-08-17 02:46:00,19,183
306120654,KDEN,KIAH,2013-08-17 00:06:00,2013-08-17 00:02:00,2013-08-17 01:50:00,2013-08-17 01:44:00,19,121
306118600,KCVG,KBOS,2013-08-17 00:04:00,2013-08-17 00:02:00,2013-08-17 01:41:00,2013-08-17 01:36:00,19,113
306167528,KPHX,KSLC,2013-08-17 00:05:00,2013-08-17 00:03:00,2013-08-17 01:15:00,2013-08-17 01:16:00,20,93
306154151,KMEM,KATL,2013-08-17 00:01:00,2013-08-17 00:03:00,2013-08-17 00:50:00,2013-08-17 00:54:00,20,71
306178770,KSTL,KSDF,2013-08-17 00:05:00,2013-08-17 00:03:00,2013-08-17 00:49:00,2013-08-17 00:43:00,20,60
306118734,KCVG,KRDU,2013-08-17 00:04:00,2013-08-17 00:03:00,2013-08-17 01:07:00,2013-08-17 00:59:00,20,76
306102263,KATL,KPIT,2013-08-17 00:01:00,2013-08-17 00:03:00,2013-08-17 01:10:00,2013-08-17 01:11:00,20,88
306178718,KSTL,KMWA,2013-08-17 00:03:00,2013-08-17 00:03:00,2013-08-17 00:40:00,2013-08-17 00:38:00,20,55
306155789,KMKE,KDEN,2013-08-17 00:02:00,2013-08-17 00:03:00,2013-08-17 02:04:00,2013-08-17 02:04:00,20,141
306177793,KSNA,KDFW,2013-08-17 00:02:00,2013-08-17 00:04:00,2013-08-17 02:49:00,2013-08-17 02:32:00,21,169
306120752,KDEN,KLGA,2013-08-17 00:03:00,2013-08-17 00:04:00,2013-08-17 03:14:00,2013-08-17 03:19:00,21,216
306490604,KHLN,KBIL,2013-08-17 00:04:00,2013-08-17 00:04:00,2013-08-17 00:46:00,2013-08-17 00:44:00,21,61
306177702,KSMF,KSEA,2013-08-17 00:03:00,2013-08-17 00:04:00,2013-08-17 01:23:00,2013-08-17 01:27:00,21,104
306102418,KATL,KSJC,2013-08-17 00:04:00,2013-08-17 00:04:00,2013-08-17 04:36:00,2013-08-17 04:33:00,21,290
306389160,KELM,KROC,2013-08-17 00:04:00,2013-08-17 00:04:00,2013-08-17 00:38:00,2013-08-17 00:29:00,21,46
306121955,KDFW,KSAN,2013-08-17 00:06:00,2013-08-17 00:04:00,2013-08-17 02:49:00,2013-08-17 02:37:00,21,174
306115318,KCLT,KCHS,2013-08-17 00:01:00,2013-08-17 00:04:00,2013-08-17 00:32:00,2013-08-17 00:38:00,21,55
306107963,KBOS,KDCA,2013-08-17 00:05:00,2013-08-17 00:05:00,2013-08-17 01:17:00,2013-08-17 01:12:00,22,89
306101465,KATL,KCLT,2013-08-17 00:00:00,2013-08-17 00:05:00,2013-08-17 00:42:00,2013-08-17 00:38:00,22,55
306153485,KMDW,KBUF,2013-08-17 00:00:00,2013-08-17 00:05:00,2013-08-17 01:06:00,2013-08-17 01:12:00,22,89
306116068,KCMH,KCLT,2013-08-17 00:02:00,2013-08-17 00:05:00,2013-08-17 01:06:00,2013-08-17 01:03:00,22,80
306137010,KIAD,KSFO,2013-08-17 00:00:00,2013-08-17 00:05:00,2013-08-17 04:59:00,2013-08-17 05:07:00,22,324
306389290,KIPT,KMDT,2013-08-17 00:06:00,2013-08-17 00:05:00,2013-08-17 00:38:00,2013-08-17 00:39:00,22,56
306109921,KBWI,KCLT,2013-08-17 00:06:00,2013-08-17 00:05:00,2013-08-17 01:02:00,2013-08-17 01:08:00,22,85
306122000,KDFW,KSFO,2013-08-17 00:00:00,2013-08-17 00:05:00,2013-08-17 03:26:00,2013-08-17 03:44:00,22,241
306145802,KLAS,KLAX,2013-08-17 00:05:00,2013-08-17 00:05:00,2013-08-17 00:48:00,2013-08-17 00:45:00,22,62
306102983,KAUS,KSLC,2013-08-17 00:04:00,2013-08-17 00:06:00,2013-08-17 02:43:00,2013-08-17 02:36:00,23,173
306161796,KOKC,KDEN,2013-08-17 00:03:00,2013-08-17 00:06:00,2013-08-17 01:16:00,2013-08-17 01:21:00,23,98
306109836,KBWI,KALB,2013-08-17 00:05:00,2013-08-17 00:06:00,2013-08-17 01:03:00,2013-08-17 00:59:00,23,76
306119821,KDCA,KPBI,2013-08-17 00:01:00,2013-08-17 00:06:00,2013-08-17 02:18:00,2013-08-17 02:27:00,23,164
306157806,KMSY,KLGA,2013-08-17 00:05:00,2013-08-17 00:06:00,2013-08-17 02:24:00,2013-08-17 02:27:00,23,164
306490561,KTBR,KCAE,2013-08-17 00:02:00,2013-08-17 00:06:00,2013-08-17 00:35:00,2013-08-17 00:35:00,23,52
306490981,KCVG,KLCK,2013-08-17 00:02:00,2013-08-17 00:06:00,2013-08-17 00:36:00,2013-08-17 00:45:00,23,62
306490710,KLCH,KIAH,2013-08-17 00:05:00,2013-08-17 00:06:00,2013-08-17 00:32:00,2013-08-17 00:29:00,23,46
306163435,KORD,KSFO,2013-08-17 00:00:00,2013-08-17 00:07:00,2013-08-17 03:54:00,2013-08-17 04:05:00,24,262
306124656,KDTW,KSDF,2013-08-17 00:02:00,2013-08-17 00:07:00,2013-08-17 00:53:00,2013-08-17 00:57:00,24,74
306115755,KCLT,KORF,2013-08-17 00:05:00,2013-08-17 00:07:00,2013-08-17 00:50:00,2013-08-17 00:47:00,24,64
306146576,KLAX,KORD,2013-08-17 00:06:00,2013-08-17 00:07:00,2013-08-17 03:39:00,2013-08-17 03:43:00,24,240
306118593,KCVG,KBDL,2013-08-17 00:04:00,2013-08-17 00:07:00,2013-08-17 01:35:00,2013-08-17 01:35:00,24,112
306124004,KDSM,KORD,2013-08-17 00:06:00,2013-08-17 00:07:00,2013-08-17 00:57:00,2013-08-17 01:02:00,24,79
306490594,KDVL,KJMS,2013-08-17 00:05:00,2013-08-17 00:07:00,2013-08-17 00:28:00,2013-08-17 00:29:00,24,46
306115802,KCLT,KPHX,2013-08-17 00:04:00,2013-08-17 00:07:00,2013-08-17 04:07:00,2013-08-17 03:50:00,24,247
306174437,KSFO,KATL,2013-08-17 00:05:00,2013-08-17 00:08:00,2013-08-17 04:02:00,2013-08-17 04:09:00,25,266
306167402,KPHX,KPDX,2013-08-17 00:00:00,2013-08-17 00:08:00,2013-08-17 02:21:00,2013-08-17 02:13:00,25,150
306115517,KCLT,KIAD,2013-08-17 00:06:00,2013-08-17 00:08:00,2013-08-17 01:09:00,2013-08-17 01:02:00,25,79
306124377,KDTW,KIND,2013-08-17 00:02:00,2013-08-17 00:08:00,2013-08-17 00:41:00,2013-08-17 00:49:00,25,66
306124493,KDTW,KMKE,2013-08-17 00:01:00,2013-08-17 00:08:00,2013-08-17 00:49:00,2013-08-17 00:49:00,25,66
306110022,KBWI,KLAS,2013-08-17 00:06:00,2013-08-17 00:08:00,2013-08-17 04:51:00,2013-08-17 04:33:00,25,290
306126828,KEWR,KATL,2013-08-17 00:00:00,2013-08-17 00:09:00,2013-08-17 01:52:00,2013-08-17 01:58:00,26,135
306115372,KCLT,KDCA,2013-08-17 00:05:00,2013-08-17 00:09:00,2013-08-17 00:59:00,2013-08-17 01:08:00,26,85
306137341,KIAH,KIND,2013-08-17 00:04:00,2013-08-17 00:09:00,2013-08-17 01:55:00,2013-08-17 01:52:00,26,129
306101415,KATL,KCAK,2013-08-17 00:07:00,2013-08-17 00:09:00,2013-08-17 01:18:00,2013-08-17 01:16:00,26,93
306121996,KDFW,KSFO,2013-08-17 00:05:00,2013-08-17 00:09:00,2013-08-17 03:25:00,2013-08-17 03:28:00,26,225
306115015,KCLE,KPHL,2013-08-17 00:02:00,2013-08-17 00:10:00,2013-08-17 01:01:00,2013-08-17 01:07:00,27,84
306140196,KJAX,KCLT,2013-08-17 00:03:00,2013-08-17 00:11:00,2013-08-17 01:02:00,2013-08-17 01:09:00,28,86
306178766,KSTL,KRDU,2013-08-17 00:05:00,2013-08-17 00:11:00,2013-08-17 01:37:00,2013-08-17 01:41:00,28,118
306122003,KDFW,KSFO,2013-08-17 00:06:00,2013-08-17 00:11:00,2013-08-17 03:30:00,2013-08-17 03:31:00,28,228
306109396,KBTR,KDFW,2013-08-17 00:05:00,2013-08-17 00:11:00,2013-08-17 01:33:00,2013-08-17 01:12:00,28,89
306115617,KCLT,KLIT,2013-08-17 00:06:00,2013-08-17 00:11:00,2013-08-17 01:38:00,2013-08-17 01:42:00,28,119
306177668,KSMF,KONT,2013-08-17 00:05:00,2013-08-17 00:11:00,2013-08-17 01:07:00,2013-08-17 01:14:00,28,91
306172731,KSAT,KPHX,2013-08-17 00:05:00,2013-08-17 00:12:00,2013-08-17 02:02:00,2013-08-17 02:11:00,29,148
306167303,KPHX,KLGB,2013-08-17 00:03:00,2013-08-17 00:12:00,2013-08-17 00:52:00,2013-08-17 01:06:00,29,83
306178581,KSTL,KCMH,2013-08-17 00:03:00,2013-08-17 00:12:00,2013-08-17 01:03:00,2013-08-17 01:07:00,29,84
306119744,KDCA,KMCO,2013-08-17 00:04:00,2013-08-17 00:13:00,2013-08-17 02:00:00,2013-08-17 02:23:00,30,160
306115657,KCLT,KMEM,2013-08-17 00:00:00,2013-08-17 00:13:00,2013-08-17 01:21:00,2013-08-17 01:29:00,30,106
306101476,KATL,KCMH,2013-08-17 00:06:00,2013-08-17 00:13:00,2013-08-17 01:13:00,2013-08-17 01:17:00,30,94
306162837,KORD,KGRR,2013-08-17 00:05:00,2013-08-17 00:13:00,2013-08-17 00:35:00,2013-08-17 00:40:00,30,57
306161364,KOAK,KSEA,2013-08-17 00:04:00,2013-08-17 00:14:00,2013-08-17 01:33:00,2013-08-17 01:43:00,31,120
306168665,KPNS,KDFW,2013-08-17 00:05:00,2013-08-17 00:14:00,2013-08-17 02:00:00,2013-08-17 01:42:00,31,119
306124450,KDTW,KMCO,2013-08-17 00:00:00,2013-08-17 00:14:00,2013-08-17 02:10:00,2013-08-17 02:19:00,31,156
306166748,KPHL,KLGA,2013-08-17 00:05:00,2013-08-17 00:15:00,2013-08-17 00:27:00,2013-08-17 00:41:00,32,58
306126815,KEWR,KATL,2013-08-17 00:05:00,2013-08-17 00:15:00,2013-08-17 02:03:00,2013-08-17 02:05:00,32,142
306118695,KCVG,KMSP,2013-08-17 00:04:00,2013-08-17 00:16:00,2013-08-17 01:35:00,2013-08-17 01:48:00,33,125
306177302,KSLC,KLAX,2013-08-17 00:05:00,2013-08-17 00:17:00,2013-08-17 01:32:00,2013-08-17 01:43:00,34,120
306167180,KPHX,KDTW,2013-08-17 00:00:00,2013-08-17 00:18:00,2013-08-17 03:22:00,2013-08-17 03:51:00,35,248
306490583,KBLI,KSEA,2013-08-17 00:06:00,2013-08-17 00:19:00,2013-08-17 00:41:00,2013-08-17 00:56:00,36,73
306134105,KHXD,KCLT,2013-08-17 00:07:00,2013-08-17 00:19:00,2013-08-17 01:04:00,2013-08-17 01:15:00,36,92
306115488,KCLT,KGSP,2013-08-17 00:01:00,2013-08-17 00:19:00,2013-08-17 00:19:00,2013-08-17 00:37:00,36,54
306153671,KMDW,KPHX,2013-08-17 00:05:00,2013-08-17 00:20:00,2013-08-17 03:16:00,2013-08-17 03:20:00,37,217
306145884,KLAS,KONT,2013-08-17 00:05:00,2013-08-17 00:21:00,2013-08-17 00:40:00,2013-08-17 00:56:00,38,73
306115583,KCLT,KLAX,2013-08-17 00:07:00,2013-08-17 00:21:00,2013-08-17 04:42:00,2013-08-17 04:52:00,38,309
306163457,KORD,KSFO,2013-08-17 00:00:00,2013-08-17 00:21:00,2013-08-17 04:21:00,2013-08-17 04:20:00,38,277
306394378,KPIR,KDPA,2013-08-17 00:00:00,2013-08-17 00:21:00,2013-08-17 01:30:00,2013-08-17 01:54:00,38,131
306148168,KLGA,KSTL,2013-08-17 00:01:00,2013-08-17 00:21:00,2013-08-17 02:05:00,2013-08-17 02:20:00,38,157
306115851,KCLT,KROC,2013-08-17 00:01:00,2013-08-17 00:22:00,2013-08-17 01:21:00,2013-08-17 01:37:00,39,114
306136744,KIAD,KCLT,2013-08-17 00:05:00,2013-08-17 00:22:00,2013-08-17 00:55:00,2013-08-17 01:16:00,39,93
306167272,KPHX,KLAS,2013-08-17 00:00:00,2013-08-17 00:22:00,2013-08-17 00:43:00,2013-08-17 01:04:00,39,81
306490657,KMDW,KRDU,2013-08-17 00:06:00,2013-08-17 00:22:00,2013-08-17 01:36:00,2013-08-17 01:50:00,39,127
306116161,KCMH,KORD,2013-08-17 00:05:00,2013-08-17 00:23:00,2013-08-17 00:53:00,2013-08-17 01:17:00,40,94
306125976,KECP,KATL,2013-08-17 00:05:00,2013-08-17 00:24:00,2013-08-17 00:50:00,2013-08-17 01:07:00,41,84
306119183,KDAL,KAUS,2013-08-17 00:06:00,2013-08-17 00:24:00,2013-08-17 00:40:00,2013-08-17 00:56:00,41,73
306115863,KCLT,KSAV,2013-08-17 00:04:00,2013-08-17 00:24:00,2013-08-17 00:39:00,2013-08-17 01:01:00,41,78
306146552,KLAX,KOAK,2013-08-17 00:05:00,2013-08-17 00:25:00,2013-08-17 00:57:00,2013-08-17 01:17:00,42,94
306153451,KMDW,KATL,2013-08-17 00:02:00,2013-08-17 00:25:00,2013-08-17 01:23:00,2013-08-17 01:50:00,42,127
306137225,KIAH,KDEN,2013-08-17 00:02:00,2013-08-17 00:25:00,2013-08-17 02:06:00,2013-08-17 02:28:00,42,165
306102981,KAUS,KSJC,2013-08-17 00:00:00,2013-08-17 00:27:00,2013-08-17 03:18:00,2013-08-17 03:42:00,44,239
306174660,KSFO,KLAS,2013-08-17 00:01:00,2013-08-17 00:28:00,2013-08-17 01:15:00,2013-08-17 01:35:00,45,112
306155876,KMKE,KSTL,2013-08-17 00:05:00,2013-08-17 00:28:00,2013-08-17 00:59:00,2013-08-17 01:19:00,45,96
306102453,KATL,KSTL,2013-08-17 00:03:00,2013-08-17 00:29:00,2013-08-17 01:17:00,2013-08-17 01:40:00,46,117
306176542,KSJC,KLAX,2013-08-17 00:05:00,2013-08-17 00:29:00,2013-08-17 00:55:00,2013-08-17 01:18:00,46,95
306158580,KMVY,KJFK,2013-08-17 00:04:00,2013-08-17 00:29:00,2013-08-17 00:37:00,2013-08-17 01:03:00,46,80
306388404,KMVY,KBOS,2013-08-17 00:00:00,2013-08-17 00:31:00,2013-08-17 00:29:00,2013-08-17 01:05:00,48,82
306146036,KLAS,KSMF,2013-08-17 00:05:00,2013-08-17 00:32:00,2013-08-17 01:12:00,2013-08-17 01:37:00,49,114
306115779,KCLT,KPHF,2013-08-17 00:00:00,2013-08-17 00:33:00,2013-08-17 00:50:00,2013-08-17 01:18:00,50,95
306167442,KPHX,KSAN,2013-08-17 00:04:00,2013-08-17 00:33:00,2013-08-17 00:52:00,2013-08-17 01:25:00,50,102
306490562,KADS,KMKC,2013-08-17 00:00:00,2013-08-17 00:33:00,2013-08-17 02:40:00,2013-08-17 03:09:00,50,206
306490332,KLAS,KIAH,2013-08-17 00:06:00,2013-08-17 00:33:00,2013-08-17 02:18:00,2013-08-17 02:47:00,50,184
306119685,KDCA,KJAX,2013-08-17 00:05:00,2013-08-17 00:36:00,2013-08-17 01:48:00,2013-08-17 02:25:00,53,162
306102330,KATL,KRSW,2013-08-17 00:03:00,2013-08-17 00:36:00,2013-08-17 01:18:00,2013-08-17 01:48:00,53,125
306153470,KMDW,KBHM,2013-08-17 00:05:00,2013-08-17 00:37:00,2013-08-17 01:23:00,2013-08-17 02:02:00,54,139
306121942,KDFW,KRSW,2013-08-17 00:06:00,2013-08-17 00:38:00,2013-08-17 02:25:00,2013-08-17 02:45:00,55,182
306147986,KLGA,KMHT,2013-08-17 00:05:00,2013-08-17 00:38:00,2013-08-17 00:48:00,2013-08-17 01:11:00,55,88
306136101,KHPN,KACK,2013-08-17 00:01:00,2013-08-17 00:38:00,2013-08-17 01:16:00,2013-08-17 01:44:00,55,121
306109866,KBWI,KAUS,2013-08-17 00:05:00,2013-08-17 00:39:00,2013-08-17 03:16:00,2013-08-17 03:48:00,56,245
306145718,KLAS,KELP,2013-08-17 00:05:00,2013-08-17 00:41:00,2013-08-17 01:24:00,2013-08-17 02:04:00,58,141
306124214,KDTW,KCLT,2013-08-17 00:02:00,2013-08-17 00:43:00,2013-08-17 01:25:00,2013-08-17 01:58:00,60,135
306146003,KLAS,KSFO,2013-08-17 00:05:00,2013-08-17 00:44:00,2013-08-17 01:14:00,2013-08-17 01:51:00,61,128
306153497,KMDW,KCAK,2013-08-17 00:00:00,2013-08-17 00:45:00,2013-08-17 00:52:00,2013-08-17 01:35:00,62,112
306145796,KLAS,KLAX,2013-08-17 00:05:00,2013-08-17 00:47:00,2013-08-17 00:47:00,2013-08-17 01:29:00,64,106
306120561,KDEN,KEWR,2013-08-17 00:05:00,2013-08-17 00:49:00,2013-08-17 03:14:00,2013-08-17 04:00:00,66,257
306163439,KORD,KSFO,2013-08-17 00:05:00,2013-08-17 00:51:00,2013-08-17 03:58:00,2013-08-17 04:46:00,68,303
306178748,KSTL,KPHL,2013-08-17 00:05:00,2013-08-17 00:51:00,2013-08-17 01:56:00,2013-08-17 02:32:00,68,169
306115437,KCLT,KFAY,2013-08-17 00:03:00,2013-08-17 00:52:00,2013-08-17 00:27:00,2013-08-17 01:15:00,69,92
306394580,KTUS,KORL,2013-08-17 00:00:00,2013-08-17 00:56:00,2013-08-17 03:29:00,2013-08-17 04:24:00,73,281
306145757,KLAS,KIAH,2013-08-17 00:04:00,2013-08-17 00:57:00,2013-08-17 02:33:00,2013-08-17 03:21:00,74,218
306158929,KMYR,KCLT,2013-08-17 00:01:00,2013-08-17 00:58:00,2013-08-17 00:35:00,2013-08-17 01:25:00,75,102
306119900,KDCA,KTYS,2013-08-17 00:00:00,2013-08-17 00:59:00,2013-08-17 01:07:00,2013-08-17 02:05:00,76,142
306168670,KPNS,KIAH,2013-08-17 00:01:00,2013-08-17 01:01:00,2013-08-17 01:16:00,2013-08-17 02:20:00,78,157
306137220,KIAH,KDCA,2013-08-17 00:02:00,2013-08-17 01:01:00,2013-08-17 02:39:00,2013-08-17 03:23:00,78,220
306490248,KDBQ,KSLC,2013-08-17 00:00:00,2013-08-17 01:06:00,2013-08-17 02:47:00,2013-08-17 04:09:00,83,266
306136014,KHOU,KLAX,2013-08-17 00:00:00,2013-08-17 01:07:00,2013-08-17 03:00:00,2013-08-17 04:12:00,84,269
306490242,KTWF,KLAS,2013-08-17 00:06:00,2013-08-17 01:11:00,2013-08-17 01:12:00,2013-08-17 02:32:00,88,169
306157834,KMSY,KSFO,2013-08-17 00:01:00,2013-08-17 01:13:00,2013-08-17 04:19:00,2013-08-17 05:14:00,90,331
306127260,KEWR,KSAN,2013-08-17 00:02:00,2013-08-17 01:19:00,2013-08-17 05:12:00,2013-08-17 06:21:00,96,398
306152000,KMAF,KIAH,2013-08-17 00:06:00,2013-08-17 01:19:00,2013-08-17 01:09:00,2013-08-17 02:20:00,96,157
306150793,KLSE,KORD,2013-08-17 00:05:00,2013-08-17 01:20:00,2013-08-17 01:30:00,2013-08-17 02:00:00,97,137
306148187,KLGA,KTVC,2013-08-17 00:05:00,2013-08-17 01:22:00,2013-08-17 01:35:00,2013-08-17 02:52:00,99,189
306137682,KIAH,KSLC,2013-08-17 00:03:00,2013-08-17 01:35:00,2013-08-17 02:50:00,2013-08-17 04:20:00,112,277
306490398,KLAS,KSNA,2013-08-17 00:06:00,2013-08-17 01:37:00,2013-08-17 00:48:00,2013-08-17 02:17:00,114,154
306114099,KCHS,KDCA,2013-08-17 00:00:00,2013-08-17 01:50:00,2013-08-17 01:07:00,2013-08-17 02:51:00,127,188
306137346,KIAH,KJAN,2013-08-17 00:05:00,2013-08-17 01:56:00,2013-08-17 01:06:00,2013-08-17 02:52:00,133,189
306137678,KIAH,KSLC,2013-08-17 00:00:00,2013-08-17 02:01:00,2013-08-17 02:50:00,2013-08-17 04:44:00,138,301
306137719,KIAH,KTYR,2013-08-17 00:05:00,2013-08-17 02:06:00,2013-08-17 00:36:00,2013-08-17 02:52:00,143,189
306154211,KMEM,KIAH,2013-08-17 00:01:00,2013-08-17 02:13:00,2013-08-17 01:18:00,2013-08-17 03:28:00,150,225
306137478,KIAH,KMFE,2013-08-17 00:06:00,2013-08-17 02:33:00,2013-08-17 00:57:00,2013-08-17 03:40:00,170,237
306135968,KHOU,KDCA,2013-08-17 00:04:00,2013-08-17 02:37:00,2013-08-17 02:43:00,2013-08-17 05:00:00,174,317
306490585,KICT,KPIR,2013-08-17 00:06:00,2013-08-17 03:08:00,2013-08-17 01:24:00,2013-08-17 03:47:00,205,244
