Aerial Time,ground_delay
117.0,7.0
17.0,10.0
72.0,8.0
296.0,1.0
52.0,0.0
202.0,8.0
101.0,-7.0
122.0,19.0
71.0,6.0
49.0,74.0
37.0,12.0
33.0,12.0
152.0,42.0
97.0,2.0
120.0,9.0
141.0,19.0
105.0,43.0
70.0,2.0
77.0,1.0
69.0,13.0
43.0,-5.0
98.0,7.0
35.0,16.0
44.0,-14.0
93.0,-5.0
119.0,22.0
57.0,6.0
264.0,4.0
244.0,0.0
28.0,-13.0
52.0,2.0
51.0,117.0
88.0,-3.0
161.0,0.0
64.0,10.0
243.0,7.0
82.0,-3.0
53.0,34.0
75.0,-3.0
224.0,20.0
194.0,13.0
111.0,13.0
199.0,37.0
24.0,13.0
38.0,34.0
209.0,9.0
53.0,4.0
136.0,16.0
24.0,-5.0
63.0,-26.0
141.0,6.0
61.0,42.0
46.0,2.0
77.0,-11.0
95.0,1.0
145.0,-14.0
37.0,-1.0
65.0,13.0
28.0,22.0
81.0,0.0
78.0,-1.0
251.0,-11.0
228.0,35.0
42.0,17.0
36.0,-12.0
80.0,-4.0
61.0,0.0
85.0,-5.0
30.0,-7.0
143.0,-5.0
73.0,2.0
45.0,-15.0
27.0,-4.0
85.0,20.0
123.0,-8.0
76.0,0.0
56.0,30.0
35.0,1.0
46.0,-1.0
51.0,5.0
34.0,-2.0
305.0,46.0
123.0,44.0
138.0,8.0
35.0,-6.0
23.0,10.0
54.0,6.0
174.0,19.0
74.0,45.0
86.0,-2.0
74.0,4.0
51.0,3.0
198.0,3.0
92.0,13.0
82.0,3.0
47.0,18.0
75.0,0.0
107.0,10.0
66.0,-3.0
277.0,8.0
53.0,-2.0
148.0,1.0
41.0,8.0
35.0,-5.0
135.0,182.0
76.0,-8.0
77.0,8.0
236.0,1.0
24.0,8.0
151.0,24.0
224.0,11.0
108.0,-1.0
143.0,8.0
71.0,29.0
195.0,-1.0
85.0,8.0
61.0,-5.0
40.0,26.0
27.0,0.0
67.0,-5.0
50.0,1.0
61.0,11.0
39.0,-14.0
32.0,2.0
81.0,61.0
69.0,-5.0
137.0,120.0
93.0,1.0
90.0,2.0
53.0,3.0
71.0,-7.0
41.0,6.0
61.0,57.0
136.0,4.0
224.0,30.0
56.0,42.0
105.0,2.0
68.0,10.0
35.0,23.0
45.0,10.0
189.0,17.0
53.0,17.0
35.0,34.0
116.0,42.0
34.0,51.0
64.0,28.0
54.0,-2.0
111.0,43.0
39.0,3.0
122.0,260.0
58.0,6.0
42.0,-15.0
38.0,0.0
144.0,2.0
51.0,37.0
94.0,-19.0
74.0,35.0
217.0,-4.0
50.0,13.0
49.0,21.0
25.0,-8.0
39.0,30.0
150.0,1.0
132.0,6.0
91.0,23.0
109.0,8.0
190.0,27.0
41.0,22.0
38.0,-16.0
48.0,5.0
30.0,82.0
56.0,23.0
51.0,4.0
110.0,0.0
91.0,30.0
95.0,-2.0
62.0,13.0
138.0,1.0
52.0,28.0
69.0,0.0
49.0,2.0
88.0,3.0
96.0,-13.0
279.0,-5.0
51.0,22.0
128.0,8.0
158.0,5.0
132.0,-11.0
202.0,4.0
165.0,15.0
57.0,5.0
66.0,36.0
25.0,30.0
120.0,14.0
62.0,8.0
82.0,-4.0
42.0,1.0
42.0,-2.0
55.0,19.0
39.0,4.0
104.0,2.0
119.0,1.0
139.0,19.0
112.0,17.0
38.0,28.0
80.0,20.0
56.0,2.0
274.0,3.0
46.0,44.0
44.0,40.0
52.0,7.0
61.0,-11.0
58.0,15.0
122.0,-5.0
68.0,-8.0
38.0,2.0
119.0,-3.0
106.0,-10.0
68.0,-3.0
123.0,61.0
88.0,11.0
21.0,8.0
26.0,-1.0
51.0,27.0
102.0,105.0
71.0,9.0
74.0,37.0
23.0,-7.0
268.0,20.0
36.0,-1.0
241.0,13.0
109.0,1.0
25.0,-9.0
48.0,0.0
53.0,15.0
25.0,43.0
149.0,-2.0
72.0,0.0
27.0,6.0
80.0,60.0
32.0,-3.0
66.0,1.0
65.0,118.0
51.0,10.0
56.0,20.0
124.0,-6.0
154.0,46.0
35.0,11.0
70.0,2.0
138.0,22.0
233.0,94.0
59.0,-1.0
126.0,-4.0
245.0,14.0
48.0,-5.0
104.0,6.0
24.0,-34.0
96.0,-5.0
102.0,0.0
50.0,7.0
134.0,0.0
61.0,-2.0
37.0,-4.0
82.0,11.0
212.0,8.0
102.0,16.0
45.0,5.0
33.0,-14.0
69.0,-2.0
86.0,-6.0
40.0,3.0
51.0,-6.0
335.0,41.0
31.0,12.0
70.0,78.0
133.0,-2.0
33.0,0.0
171.0,-6.0
63.0,31.0
26.0,2.0
28.0,59.0
53.0,62.0
56.0,22.0
53.0,28.0
77.0,59.0
41.0,6.0
52.0,10.0
190.0,4.0
90.0,22.0
94.0,3.0
37.0,104.0
61.0,28.0
39.0,58.0
41.0,56.0
33.0,0.0
130.0,4.0
226.0,-7.0
37.0,34.0
111.0,48.0
44.0,43.0
54.0,-6.0
83.0,1.0
163.0,43.0
97.0,-8.0
96.0,51.0
124.0,2.0
88.0,-6.0
46.0,-10.0
69.0,15.0
66.0,16.0
30.0,0.0
96.0,10.0
67.0,6.0
59.0,3.0
9.0,60.0
67.0,84.0
30.0,24.0
76.0,-16.0
39.0,12.0
31.0,-14.0
60.0,-6.0
117.0,28.0
86.0,15.0
50.0,2.0
94.0,1.0
88.0,16.0
55.0,-1.0
26.0,-8.0
77.0,4.0
72.0,0.0
149.0,118.0
87.0,7.0
114.0,13.0
43.0,17.0
88.0,4.0
91.0,36.0
93.0,9.0
258.0,17.0
57.0,19.0
38.0,-5.0
38.0,16.0
58.0,20.0
115.0,22.0
45.0,8.0
71.0,24.0
243.0,28.0
129.0,9.0
45.0,-2.0
20.0,-9.0
151.0,-5.0
32.0,66.0
43.0,111.0
149.0,29.0
136.0,1.0
66.0,1.0
97.0,12.0
53.0,34.0
41.0,7.0
83.0,2.0
43.0,41.0
69.0,43.0
34.0,-12.0
45.0,0.0
40.0,5.0
61.0,-7.0
66.0,-3.0
107.0,-4.0
114.0,-5.0
52.0,-6.0
42.0,2.0
64.0,-2.0
41.0,7.0
46.0,36.0
74.0,62.0
88.0,1.0
36.0,-5.0
52.0,13.0
47.0,15.0
129.0,-9.0
59.0,8.0
46.0,33.0
104.0,2.0
19.0,11.0
40.0,11.0
46.0,13.0
39.0,-3.0
72.0,108.0
29.0,-1.0
130.0,6.0
76.0,9.0
136.0,1.0
68.0,4.0
81.0,11.0
143.0,19.0
165.0,-1.0
41.0,14.0
78.0,4.0
63.0,23.0
51.0,17.0
55.0,5.0
39.0,4.0
81.0,50.0
50.0,2.0
66.0,21.0
165.0,3.0
52.0,34.0
270.0,6.0
98.0,22.0
88.0,9.0
94.0,8.0
41.0,11.0
53.0,-1.0
135.0,94.0
111.0,-2.0
81.0,2.0
89.0,22.0
73.0,3.0
309.0,15.0
66.0,5.0
69.0,-7.0
121.0,-6.0
25.0,1.0
55.0,2.0
60.0,11.0
136.0,23.0
102.0,27.0
104.0,22.0
83.0,21.0
59.0,5.0
31.0,-16.0
32.0,0.0
71.0,3.0
39.0,23.0
68.0,0.0
39.0,-6.0
117.0,0.0
58.0,-13.0
51.0,27.0
25.0,3.0
88.0,-2.0
124.0,-9.0
46.0,-9.0
34.0,-3.0
49.0,-3.0
28.0,31.0
69.0,17.0
64.0,-10.0
63.0,17.0
84.0,18.0
105.0,19.0
57.0,7.0
47.0,-5.0
98.0,0.0
135.0,82.0
86.0,-2.0
106.0,-14.0
61.0,30.0
52.0,43.0
69.0,-1.0
61.0,7.0
44.0,2.0
112.0,21.0
63.0,-3.0
173.0,4.0
132.0,12.0
93.0,-6.0
63.0,-2.0
65.0,-15.0
59.0,60.0
36.0,-17.0
223.0,3.0
93.0,-3.0
114.0,4.0
103.0,-13.0
113.0,17.0
74.0,-4.0
46.0,0.0
54.0,19.0
67.0,6.0
42.0,13.0
123.0,8.0
97.0,12.0
149.0,26.0
43.0,26.0
94.0,-2.0
98.0,55.0
45.0,8.0
53.0,-1.0
140.0,17.0
40.0,6.0
70.0,1.0
42.0,-2.0
80.0,51.0
167.0,0.0
208.0,139.0
21.0,16.0
80.0,7.0
80.0,60.0
41.0,26.0
140.0,-3.0
55.0,6.0
86.0,24.0
33.0,-13.0
93.0,17.0
37.0,-5.0
71.0,30.0
70.0,35.0
110.0,-1.0
112.0,-1.0
170.0,38.0
52.0,5.0
68.0,15.0
66.0,4.0
144.0,3.0
34.0,-9.0
59.0,10.0
60.0,-15.0
47.0,38.0
43.0,-3.0
51.0,-7.0
132.0,7.0
151.0,-5.0
121.0,10.0
46.0,-15.0
95.0,6.0
86.0,2.0
59.0,108.0
51.0,20.0
101.0,15.0
66.0,43.0
118.0,41.0
53.0,17.0
138.0,7.0
40.0,25.0
42.0,-10.0
184.0,43.0
60.0,38.0
103.0,16.0
224.0,0.0
156.0,-6.0
42.0,136.0
130.0,5.0
172.0,118.0
124.0,17.0
105.0,10.0
89.0,32.0
116.0,17.0
92.0,-8.0
39.0,-4.0
130.0,2.0
54.0,2.0
64.0,45.0
48.0,13.0
83.0,-1.0
39.0,24.0
50.0,-11.0
133.0,30.0
145.0,14.0
37.0,6.0
47.0,-7.0
56.0,-3.0
90.0,8.0
50.0,5.0
122.0,9.0
97.0,3.0
47.0,12.0
78.0,-24.0
86.0,9.0
110.0,64.0
68.0,-10.0
34.0,14.0
63.0,22.0
60.0,-4.0
138.0,1.0
51.0,0.0
56.0,11.0
130.0,-1.0
62.0,-1.0
88.0,-1.0
29.0,6.0
110.0,-3.0
138.0,31.0
48.0,1.0
28.0,2.0
233.0,22.0
88.0,11.0
36.0,-1.0
281.0,5.0
43.0,-5.0
39.0,3.0
51.0,46.0
101.0,3.0
69.0,97.0
79.0,27.0
67.0,66.0
89.0,2.0
126.0,9.0
45.0,23.0
76.0,18.0
67.0,1.0
142.0,24.0
132.0,134.0
147.0,8.0
41.0,-37.0
257.0,10.0
134.0,13.0
132.0,27.0
257.0,-1.0
82.0,-3.0
124.0,22.0
107.0,29.0
28.0,21.0
186.0,-2.0
35.0,-5.0
192.0,44.0
83.0,-13.0
44.0,14.0
76.0,-7.0
54.0,1.0
26.0,13.0
77.0,1.0
59.0,20.0
61.0,11.0
66.0,-4.0
102.0,51.0
44.0,24.0
107.0,-21.0
66.0,5.0
62.0,105.0
72.0,22.0
86.0,17.0
107.0,3.0
61.0,-10.0
49.0,-4.0
111.0,2.0
245.0,1.0
47.0,-3.0
49.0,-8.0
45.0,0.0
83.0,37.0
67.0,3.0
45.0,11.0
57.0,3.0
35.0,34.0
137.0,5.0
112.0,4.0
116.0,-2.0
30.0,13.0
58.0,-28.0
87.0,0.0
314.0,22.0
65.0,-19.0
45.0,78.0
35.0,-15.0
37.0,3.0
67.0,12.0
73.0,18.0
76.0,101.0
47.0,18.0
110.0,9.0
20.0,5.0
67.0,50.0
81.0,3.0
66.0,5.0
36.0,16.0
23.0,-25.0
42.0,23.0
92.0,0.0
56.0,-2.0
27.0,-2.0
24.0,-1.0
56.0,3.0
68.0,11.0
89.0,4.0
55.0,20.0
59.0,72.0
95.0,3.0
82.0,25.0
37.0,38.0
57.0,-1.0
135.0,35.0
119.0,-3.0
107.0,0.0
65.0,2.0
59.0,18.0
52.0,1.0
89.0,48.0
32.0,2.0
33.0,4.0
44.0,-2.0
55.0,92.0
57.0,-3.0
147.0,7.0
54.0,-8.0
66.0,3.0
76.0,1.0
69.0,-14.0
27.0,121.0
91.0,2.0
45.0,-1.0
163.0,8.0
41.0,2.0
99.0,6.0
131.0,32.0
115.0,-8.0
63.0,-37.0
87.0,23.0
154.0,29.0
85.0,-7.0
291.0,79.0
47.0,5.0
98.0,5.0
101.0,20.0
38.0,12.0
84.0,17.0
30.0,6.0
58.0,-13.0
52.0,50.0
117.0,9.0
81.0,39.0
89.0,2.0
33.0,7.0
103.0,8.0
69.0,1.0
189.0,23.0
41.0,14.0
134.0,5.0
77.0,0.0
17.0,2.0
17.0,-15.0
93.0,-13.0
46.0,10.0
35.0,-10.0
45.0,1.0
47.0,28.0
250.0,2.0
102.0,9.0
66.0,6.0
293.0,0.0
65.0,5.0
69.0,-1.0
74.0,-22.0
60.0,-5.0
42.0,20.0
261.0,20.0
59.0,2.0
160.0,-3.0
94.0,3.0
98.0,-15.0
96.0,4.0
53.0,34.0
108.0,0.0
52.0,7.0
63.0,13.0
71.0,-2.0
41.0,-5.0
48.0,-6.0
200.0,-1.0
113.0,12.0
67.0,-18.0
116.0,-2.0
131.0,2.0
145.0,5.0
47.0,17.0
54.0,6.0
32.0,7.0
143.0,-2.0
70.0,8.0
148.0,16.0
45.0,32.0
72.0,-7.0
211.0,3.0
140.0,9.0
49.0,9.0
61.0,10.0
80.0,-5.0
57.0,-3.0
54.0,-9.0
36.0,4.0
124.0,13.0
51.0,2.0
61.0,3.0
24.0,2.0
100.0,63.0
136.0,2.0
110.0,-15.0
73.0,-4.0
36.0,17.0
51.0,0.0
71.0,9.0
38.0,23.0
311.0,-1.0
65.0,13.0
19.0,28.0
93.0,9.0
49.0,19.0
73.0,1.0
44.0,-15.0
118.0,20.0
75.0,3.0
290.0,15.0
63.0,5.0
158.0,10.0
70.0,-12.0
85.0,1.0
114.0,9.0
37.0,2.0
167.0,20.0
48.0,4.0
30.0,7.0
59.0,-2.0
177.0,26.0
54.0,28.0
10.0,-15.0
83.0,149.0
56.0,17.0
73.0,23.0
44.0,38.0
114.0,42.0
29.0,36.0
31.0,7.0
28.0,-6.0
63.0,140.0
31.0,1.0
63.0,0.0
18.0,47.0
39.0,-3.0
49.0,39.0
79.0,65.0
70.0,23.0
115.0,15.0
68.0,26.0
79.0,10.0
74.0,57.0
49.0,60.0
37.0,-7.0
81.0,36.0
83.0,-37.0
51.0,3.0
121.0,-1.0
151.0,-13.0
39.0,4.0
19.0,-23.0
17.0,28.0
45.0,-30.0
40.0,8.0
75.0,9.0
60.0,8.0
64.0,32.0
106.0,5.0
88.0,-9.0
64.0,-10.0
32.0,7.0
37.0,20.0
59.0,24.0
135.0,3.0
33.0,5.0
83.0,17.0
45.0,-7.0
193.0,16.0
93.0,29.0
52.0,-1.0
97.0,8.0
152.0,18.0
46.0,30.0
31.0,-8.0
129.0,-4.0
175.0,17.0
80.0,-9.0
45.0,21.0
66.0,7.0
26.0,-7.0
33.0,0.0
122.0,13.0
122.0,2.0
186.0,-1.0
130.0,-5.0
73.0,-14.0
52.0,21.0
122.0,20.0
31.0,-3.0
59.0,19.0
207.0,1.0
47.0,8.0
116.0,13.0
45.0,4.0
31.0,17.0
36.0,4.0
80.0,9.0
36.0,0.0
35.0,19.0
142.0,-9.0
20.0,75.0
43.0,3.0
68.0,137.0
89.0,0.0
52.0,5.0
139.0,17.0
136.0,12.0
25.0,-22.0
48.0,7.0
36.0,5.0
45.0,1.0
74.0,1.0
26.0,46.0
124.0,-5.0
143.0,-6.0
50.0,15.0
38.0,-11.0
46.0,73.0
231.0,220.0
60.0,27.0
56.0,-4.0
24.0,0.0
294.0,68.0
312.0,12.0
132.0,-2.0
190.0,61.0
154.0,27.0
138.0,2.0
19.0,7.0
139.0,10.0
106.0,21.0
165.0,14.0
131.0,67.0
44.0,-8.0
54.0,-3.0
94.0,24.0
38.0,-7.0
75.0,39.0
58.0,10.0
24.0,-23.0
50.0,-3.0
40.0,-5.0
171.0,-1.0
23.0,-11.0
25.0,-4.0
106.0,18.0
103.0,137.0
14.0,61.0
28.0,-24.0
84.0,0.0
183.0,36.0
88.0,24.0
132.0,12.0
289.0,26.0
58.0,23.0
78.0,37.0
58.0,-3.0
147.0,1.0
62.0,-3.0
76.0,-6.0
58.0,-11.0
33.0,9.0
55.0,-1.0
67.0,9.0
86.0,6.0
57.0,17.0
23.0,50.0
52.0,10.0
60.0,-5.0
34.0,3.0
46.0,-11.0
58.0,74.0
66.0,66.0
83.0,9.0
60.0,34.0
59.0,2.0
26.0,11.0
44.0,2.0
79.0,-13.0
38.0,245.0
246.0,151.0
97.0,-9.0
30.0,5.0
266.0,-39.0
55.0,5.0
77.0,40.0
16.0,-4.0
41.0,33.0
218.0,-5.0
38.0,156.0
145.0,5.0
38.0,5.0
49.0,-9.0
115.0,9.0
42.0,-6.0
68.0,15.0
73.0,0.0
57.0,-9.0
52.0,-2.0
38.0,-5.0
61.0,39.0
48.0,-7.0
29.0,3.0
93.0,64.0
121.0,-9.0
256.0,3.0
66.0,-3.0
41.0,0.0
235.0,2.0
82.0,82.0
35.0,-5.0
58.0,-6.0
156.0,34.0
218.0,151.0
43.0,15.0
92.0,45.0
323.0,96.0
82.0,-9.0
15.0,63.0
292.0,-1.0
96.0,5.0
127.0,15.0
35.0,-4.0
85.0,-5.0
131.0,28.0
96.0,3.0
252.0,47.0
90.0,0.0
268.0,31.0
28.0,8.0
72.0,-17.0
166.0,3.0
111.0,3.0
110.0,3.0
25.0,2.0
107.0,54.0
38.0,-2.0
234.0,9.0
74.0,3.0
70.0,-6.0
53.0,19.0
66.0,-1.0
84.0,-4.0
194.0,22.0
83.0,0.0
59.0,10.0
160.0,-1.0
92.0,23.0
41.0,-33.0
126.0,26.0
56.0,40.0
52.0,2.0
38.0,11.0
243.0,27.0
27.0,7.0
22.0,12.0
154.0,29.0
53.0,-6.0
54.0,23.0
302.0,7.0
180.0,75.0
163.0,12.0
46.0,1.0
92.0,31.0
30.0,9.0
40.0,1.0
193.0,8.0
49.0,4.0
69.0,3.0
103.0,61.0
64.0,53.0
56.0,2.0
70.0,1.0
63.0,33.0
61.0,1.0
57.0,32.0
290.0,4.0
32.0,5.0
97.0,-16.0
242.0,7.0
85.0,32.0
59.0,50.0
54.0,43.0
104.0,27.0
68.0,21.0
94.0,3.0
39.0,15.0
47.0,3.0
57.0,5.0
54.0,55.0
17.0,-1.0
193.0,13.0
168.0,3.0
99.0,-2.0
83.0,32.0
10.0,260.0
26.0,4.0
23.0,10.0
76.0,-6.0
56.0,-5.0
92.0,13.0
61.0,13.0
97.0,9.0
105.0,27.0
30.0,-22.0
44.0,-6.0
68.0,-4.0
19.0,-27.0
58.0,7.0
50.0,77.0
47.0,-9.0
133.0,3.0
250.0,33.0
31.0,85.0
27.0,9.0
71.0,15.0
198.0,36.0
63.0,-16.0
49.0,5.0
122.0,46.0
57.0,5.0
97.0,12.0
28.0,-12.0
157.0,-1.0
30.0,4.0
64.0,-4.0
38.0,34.0
128.0,9.0
106.0,28.0
71.0,99.0
40.0,-8.0
159.0,-4.0
115.0,18.0
51.0,2.0
27.0,-6.0
32.0,-1.0
121.0,1.0
276.0,-2.0
44.0,35.0
129.0,68.0
236.0,0.0
127.0,14.0
104.0,5.0
63.0,12.0
150.0,-15.0
86.0,69.0
57.0,11.0
34.0,0.0
51.0,6.0
215.0,5.0
71.0,-7.0
86.0,-31.0
65.0,27.0
48.0,-10.0
26.0,8.0
137.0,8.0
224.0,22.0
53.0,1.0
50.0,-10.0
22.0,24.0
54.0,45.0
53.0,21.0
152.0,-3.0
186.0,-2.0
88.0,-1.0
42.0,-2.0
152.0,25.0
82.0,52.0
121.0,-6.0
48.0,107.0
79.0,59.0
212.0,-8.0
104.0,7.0
130.0,66.0
42.0,-1.0
17.0,6.0
109.0,9.0
177.0,74.0
33.0,8.0
87.0,4.0
132.0,50.0
27.0,1.0
218.0,-5.0
43.0,10.0
53.0,4.0
120.0,5.0
132.0,3.0
53.0,-8.0
45.0,1.0
49.0,51.0
59.0,-17.0
36.0,30.0
72.0,-10.0
50.0,-2.0
142.0,-13.0
99.0,44.0
40.0,-7.0
71.0,-3.0
85.0,21.0
82.0,12.0
43.0,19.0
75.0,28.0
42.0,26.0
172.0,32.0
229.0,14.0
85.0,8.0
124.0,-9.0
266.0,33.0
190.0,20.0
93.0,22.0
33.0,-65.0
67.0,-1.0
222.0,20.0
58.0,-1.0
82.0,125.0
105.0,84.0
50.0,50.0
68.0,25.0
125.0,-5.0
26.0,7.0
52.0,18.0
80.0,25.0
118.0,-5.0
82.0,15.0
59.0,12.0
77.0,-10.0
40.0,72.0
35.0,-16.0
65.0,-8.0
48.0,20.0
41.0,6.0
222.0,0.0
53.0,23.0
29.0,6.0
66.0,4.0
26.0,11.0
91.0,8.0
52.0,-2.0
36.0,-5.0
144.0,45.0
42.0,11.0
172.0,9.0
71.0,-2.0
122.0,22.0
90.0,0.0
44.0,-4.0
125.0,1.0
48.0,15.0
52.0,7.0
55.0,-13.0
71.0,-7.0
8.0,6.0
49.0,-1.0
180.0,47.0
228.0,22.0
110.0,17.0
34.0,11.0
20.0,-13.0
215.0,114.0
236.0,-2.0
36.0,-10.0
53.0,49.0
66.0,-8.0
46.0,133.0
31.0,4.0
35.0,1.0
238.0,41.0
61.0,-3.0
49.0,21.0
31.0,14.0
88.0,39.0
165.0,8.0
51.0,1.0
60.0,-8.0
276.0,19.0
51.0,0.0
55.0,0.0
60.0,51.0
42.0,-4.0
24.0,43.0
24.0,-2.0
64.0,-11.0
41.0,-3.0
188.0,0.0
85.0,8.0
24.0,7.0
90.0,-16.0
63.0,85.0
85.0,2.0
260.0,4.0
141.0,4.0
99.0,43.0
300.0,45.0
32.0,-2.0
96.0,5.0
143.0,-3.0
70.0,-35.0
283.0,35.0
104.0,2.0
41.0,36.0
161.0,-3.0
112.0,102.0
33.0,82.0
82.0,28.0
52.0,18.0
43.0,-2.0
114.0,-18.0
85.0,26.0
130.0,9.0
210.0,3.0
125.0,38.0
62.0,14.0
52.0,-12.0
37.0,-1.0
50.0,-3.0
29.0,-1.0
60.0,3.0
177.0,6.0
94.0,-1.0
317.0,14.0
58.0,17.0
51.0,7.0
52.0,4.0
104.0,2.0
35.0,73.0
70.0,13.0
102.0,29.0
128.0,9.0
59.0,12.0
40.0,10.0
59.0,-5.0
67.0,10.0
86.0,8.0
115.0,83.0
44.0,39.0
93.0,32.0
52.0,7.0
62.0,14.0
53.0,6.0
39.0,0.0
59.0,150.0
44.0,4.0
51.0,57.0
48.0,9.0
61.0,-2.0
56.0,24.0
236.0,2.0
43.0,21.0
35.0,-2.0
71.0,14.0
173.0,27.0
87.0,-1.0
93.0,8.0
62.0,-7.0
69.0,28.0
57.0,43.0
125.0,-6.0
109.0,48.0
44.0,7.0
55.0,4.0
206.0,25.0
82.0,-2.0
96.0,26.0
46.0,-15.0
27.0,0.0
44.0,11.0
97.0,27.0
63.0,9.0
43.0,-2.0
26.0,-22.0
76.0,22.0
57.0,35.0
71.0,10.0
112.0,25.0
111.0,-8.0
49.0,43.0
71.0,-3.0
115.0,7.0
189.0,41.0
51.0,22.0
88.0,-3.0
178.0,13.0
98.0,9.0
137.0,-5.0
99.0,0.0
70.0,-17.0
161.0,-2.0
43.0,40.0
134.0,-6.0
140.0,9.0
103.0,0.0
51.0,-8.0
90.0,-2.0
71.0,-6.0
46.0,-6.0
194.0,2.0
75.0,-2.0
236.0,-3.0
47.0,-6.0
108.0,7.0
49.0,37.0
47.0,7.0
154.0,30.0
83.0,49.0
126.0,19.0
64.0,7.0
51.0,18.0
53.0,-1.0
224.0,27.0
44.0,10.0
64.0,59.0
173.0,54.0
165.0,123.0
144.0,-3.0
50.0,3.0
136.0,29.0
38.0,-10.0
40.0,-3.0
46.0,1.0
38.0,-1.0
39.0,-10.0
131.0,-6.0
35.0,-9.0
27.0,-5.0
46.0,-8.0
134.0,21.0
51.0,-2.0
232.0,5.0
48.0,231.0
325.0,20.0
27.0,-5.0
123.0,0.0
76.0,-1.0
116.0,8.0
83.0,0.0
34.0,2.0
55.0,-2.0
96.0,34.0
126.0,14.0
164.0,-1.0
83.0,89.0
81.0,12.0
117.0,16.0
65.0,2.0
58.0,-20.0
33.0,-2.0
72.0,70.0
121.0,1.0
53.0,-1.0
83.0,-16.0
181.0,123.0
219.0,-4.0
29.0,39.0
49.0,-2.0
56.0,36.0
40.0,99.0
78.0,0.0
45.0,9.0
219.0,7.0
175.0,127.0
204.0,57.0
78.0,-2.0
34.0,-1.0
72.0,-41.0
62.0,6.0
59.0,30.0
32.0,72.0
48.0,-3.0
25.0,-16.0
57.0,-11.0
44.0,-2.0
15.0,-83.0
169.0,12.0
53.0,0.0
34.0,80.0
48.0,-2.0
84.0,22.0
149.0,-40.0
64.0,0.0
29.0,-6.0
28.0,24.0
92.0,35.0
58.0,1.0
85.0,8.0
60.0,26.0
77.0,122.0
42.0,0.0
49.0,-17.0
61.0,53.0
111.0,6.0
83.0,3.0
42.0,-13.0
29.0,36.0
57.0,8.0
135.0,2.0
122.0,-7.0
91.0,8.0
37.0,-12.0
279.0,14.0
85.0,-15.0
81.0,34.0
83.0,18.0
37.0,-4.0
66.0,19.0
86.0,26.0
92.0,-9.0
67.0,23.0
65.0,-3.0
23.0,7.0
122.0,8.0
96.0,35.0
50.0,4.0
65.0,-17.0
119.0,-10.0
66.0,5.0
99.0,-6.0
125.0,3.0
48.0,-1.0
72.0,15.0
39.0,-3.0
98.0,5.0
146.0,8.0
90.0,0.0
27.0,-8.0
56.0,-2.0
87.0,78.0
57.0,10.0
44.0,5.0
36.0,1.0
59.0,8.0
32.0,11.0
40.0,20.0
42.0,-3.0
158.0,-3.0
43.0,38.0
62.0,1.0
149.0,-3.0
51.0,-19.0
52.0,-7.0
49.0,6.0
84.0,53.0
43.0,-3.0
50.0,19.0
35.0,-1.0
44.0,43.0
43.0,-5.0
68.0,6.0
59.0,6.0
33.0,44.0
84.0,14.0
95.0,22.0
127.0,17.0
125.0,30.0
114.0,37.0
84.0,23.0
66.0,5.0
295.0,21.0
27.0,-2.0
110.0,56.0
89.0,20.0
73.0,-6.0
82.0,81.0
113.0,21.0
123.0,47.0
58.0,60.0
90.0,1.0
43.0,13.0
219.0,-16.0
78.0,34.0
22.0,-8.0
68.0,-4.0
56.0,24.0
61.0,10.0
74.0,9.0
55.0,30.0
128.0,34.0
120.0,42.0
100.0,29.0
136.0,44.0
44.0,75.0
138.0,-10.0
68.0,8.0
59.0,19.0
82.0,21.0
92.0,11.0
72.0,47.0
29.0,-46.0
105.0,7.0
61.0,17.0
135.0,-2.0
48.0,10.0
101.0,15.0
51.0,-5.0
93.0,24.0
53.0,-11.0
118.0,10.0
39.0,-4.0
30.0,46.0
118.0,13.0
95.0,2.0
211.0,-1.0
65.0,1.0
118.0,95.0
46.0,42.0
123.0,10.0
91.0,-10.0
67.0,-9.0
23.0,-11.0
58.0,-3.0
41.0,27.0
44.0,5.0
24.0,-4.0
100.0,0.0
88.0,646.0
111.0,7.0
150.0,-5.0
30.0,-2.0
87.0,6.0
78.0,6.0
62.0,17.0
82.0,40.0
53.0,38.0
91.0,-1.0
31.0,13.0
126.0,35.0
86.0,1.0
102.0,7.0
35.0,-6.0
107.0,-2.0
99.0,30.0
63.0,4.0
74.0,22.0
41.0,22.0
312.0,5.0
51.0,8.0
27.0,16.0
49.0,-1.0
48.0,15.0
200.0,23.0
61.0,24.0
59.0,7.0
336.0,1.0
55.0,-7.0
63.0,-1.0
61.0,33.0
31.0,1.0
57.0,19.0
129.0,-3.0
48.0,-3.0
54.0,21.0
59.0,-1.0
78.0,29.0
47.0,-7.0
50.0,-8.0
96.0,3.0
133.0,19.0
68.0,33.0
39.0,-7.0
32.0,3.0
111.0,6.0
165.0,56.0
86.0,28.0
66.0,62.0
21.0,-7.0
25.0,9.0
60.0,17.0
53.0,-6.0
123.0,21.0
19.0,2.0
66.0,27.0
57.0,-5.0
224.0,5.0
45.0,1.0
56.0,1.0
36.0,24.0
146.0,14.0
63.0,-8.0
60.0,-6.0
96.0,6.0
131.0,3.0
69.0,8.0
125.0,39.0
104.0,4.0
47.0,19.0
16.0,7.0
37.0,-8.0
106.0,15.0
35.0,-8.0
125.0,73.0
33.0,40.0
225.0,79.0
43.0,-7.0
220.0,22.0
72.0,-47.0
63.0,91.0
78.0,8.0
38.0,2.0
149.0,72.0
34.0,-5.0
89.0,93.0
83.0,40.0
57.0,17.0
314.0,26.0
61.0,0.0
52.0,25.0
103.0,61.0
124.0,-12.0
72.0,9.0
23.0,7.0
45.0,1.0
51.0,69.0
92.0,45.0
147.0,-3.0
63.0,-4.0
122.0,3.0
56.0,8.0
46.0,-12.0
137.0,0.0
78.0,16.0
37.0,1.0
71.0,7.0
161.0,-2.0
63.0,14.0
167.0,18.0
93.0,16.0
69.0,2.0
81.0,-6.0
97.0,15.0
86.0,-3.0
80.0,-5.0
120.0,7.0
23.0,-12.0
61.0,2.0
62.0,15.0
123.0,-4.0
135.0,2.0
70.0,24.0
58.0,147.0
116.0,10.0
335.0,145.0
47.0,26.0
79.0,29.0
135.0,-5.0
20.0,130.0
135.0,15.0
74.0,-6.0
90.0,173.0
70.0,87.0
194.0,18.0
144.0,59.0
62.0,-3.0
107.0,1.0
136.0,45.0
495.0,27.0
84.0,17.0
105.0,3.0
45.0,6.0
131.0,5.0
44.0,6.0
59.0,0.0
39.0,11.0
36.0,10.0
50.0,16.0
16.0,39.0
38.0,19.0
84.0,-11.0
139.0,26.0
40.0,104.0
61.0,19.0
56.0,29.0
96.0,18.0
69.0,-8.0
134.0,18.0
145.0,15.0
34.0,-11.0
64.0,-9.0
21.0,18.0
74.0,18.0
43.0,-2.0
92.0,-2.0
44.0,42.0
61.0,-10.0
148.0,21.0
29.0,9.0
69.0,23.0
123.0,22.0
47.0,12.0
118.0,13.0
38.0,-4.0
88.0,7.0
57.0,9.0
35.0,38.0
72.0,12.0
108.0,-2.0
110.0,13.0
118.0,79.0
36.0,3.0
39.0,-5.0
227.0,21.0
127.0,84.0
54.0,2.0
80.0,276.0
31.0,-4.0
26.0,64.0
40.0,15.0
154.0,6.0
41.0,21.0
65.0,-5.0
39.0,-10.0
54.0,5.0
48.0,2.0
148.0,1.0
123.0,33.0
97.0,17.0
33.0,-2.0
83.0,20.0
111.0,-1.0
112.0,39.0
122.0,62.0
129.0,30.0
39.0,-2.0
52.0,-4.0
75.0,9.0
195.0,2.0
56.0,6.0
41.0,-2.0
39.0,-26.0
308.0,23.0
40.0,36.0
100.0,-3.0
133.0,2.0
156.0,19.0
122.0,3.0
44.0,-11.0
78.0,16.0
96.0,47.0
77.0,-3.0
46.0,22.0
58.0,-3.0
57.0,20.0
319.0,15.0
58.0,-14.0
128.0,-6.0
65.0,24.0
123.0,21.0
116.0,15.0
88.0,12.0
74.0,20.0
36.0,3.0
37.0,29.0
85.0,3.0
193.0,-10.0
44.0,0.0
105.0,5.0
176.0,6.0
63.0,82.0
64.0,8.0
117.0,7.0
30.0,4.0
33.0,-6.0
36.0,24.0
127.0,-2.0
358.0,140.0
136.0,-2.0
33.0,7.0
87.0,-1.0
41.0,17.0
43.0,5.0
185.0,7.0
42.0,-54.0
96.0,27.0
59.0,11.0
75.0,0.0
113.0,27.0
168.0,-6.0
49.0,6.0
70.0,2.0
74.0,13.0
50.0,-1.0
72.0,18.0
20.0,-3.0
128.0,13.0
57.0,7.0
46.0,27.0
41.0,33.0
58.0,64.0
109.0,46.0
69.0,12.0
186.0,49.0
209.0,43.0
35.0,2.0
42.0,-7.0
47.0,-13.0
78.0,39.0
80.0,70.0
63.0,-6.0
41.0,139.0
132.0,4.0
133.0,-6.0
14.0,39.0
189.0,8.0
88.0,28.0
126.0,13.0
116.0,52.0
114.0,15.0
27.0,-9.0
27.0,22.0
62.0,-4.0
107.0,12.0
79.0,45.0
75.0,-2.0
48.0,-6.0
107.0,60.0
209.0,6.0
54.0,155.0
33.0,-13.0
171.0,88.0
57.0,15.0
24.0,-10.0
66.0,21.0
109.0,-7.0
89.0,-4.0
41.0,-11.0
72.0,-2.0
75.0,52.0
103.0,13.0
293.0,68.0
40.0,-3.0
57.0,11.0
77.0,-13.0
269.0,23.0
97.0,-5.0
14.0,-57.0
82.0,-11.0
87.0,46.0
53.0,48.0
19.0,-12.0
66.0,6.0
55.0,30.0
53.0,31.0
292.0,3.0
65.0,-4.0
152.0,-3.0
92.0,19.0
155.0,2.0
154.0,5.0
168.0,5.0
105.0,1.0
110.0,-6.0
125.0,-4.0
190.0,3.0
113.0,30.0
42.0,21.0
46.0,30.0
66.0,14.0
110.0,20.0
197.0,-2.0
156.0,30.0
160.0,5.0
105.0,52.0
28.0,-11.0
148.0,78.0
123.0,25.0
78.0,9.0
165.0,-5.0
42.0,96.0
51.0,19.0
133.0,17.0
42.0,26.0
115.0,67.0
66.0,22.0
107.0,43.0
23.0,-2.0
35.0,8.0
93.0,35.0
154.0,-7.0
29.0,24.0
15.0,-59.0
53.0,-7.0
117.0,68.0
124.0,-6.0
99.0,15.0
55.0,79.0
56.0,18.0
102.0,-14.0
110.0,9.0
90.0,-24.0
106.0,-1.0
60.0,28.0
143.0,112.0
18.0,35.0
80.0,-31.0
73.0,4.0
82.0,15.0
41.0,5.0
111.0,1.0
65.0,20.0
130.0,-1.0
72.0,13.0
58.0,-4.0
94.0,13.0
66.0,1.0
24.0,-3.0
66.0,-7.0
37.0,-9.0
28.0,12.0
243.0,1.0
38.0,0.0
87.0,-16.0
47.0,37.0
207.0,109.0
224.0,-10.0
87.0,16.0
111.0,8.0
49.0,-6.0
69.0,-3.0
55.0,1.0
27.0,0.0
34.0,27.0
45.0,-15.0
41.0,-2.0
119.0,21.0
45.0,0.0
69.0,24.0
118.0,18.0
43.0,29.0
145.0,90.0
96.0,46.0
108.0,0.0
51.0,-5.0
58.0,0.0
41.0,-3.0
89.0,18.0
46.0,46.0
128.0,28.0
110.0,1.0
95.0,3.0
100.0,24.0
59.0,6.0
18.0,-29.0
184.0,-3.0
97.0,1.0
181.0,3.0
108.0,-3.0
224.0,10.0
47.0,23.0
54.0,19.0
87.0,-20.0
177.0,32.0
48.0,14.0
75.0,-7.0
90.0,2.0
122.0,7.0
97.0,-1.0
81.0,-5.0
34.0,-11.0
56.0,1.0
97.0,20.0
158.0,17.0
32.0,16.0
70.0,29.0
71.0,10.0
102.0,-9.0
88.0,8.0
58.0,-10.0
77.0,11.0
44.0,29.0
276.0,10.0
38.0,0.0
85.0,-74.0
67.0,-6.0
140.0,58.0
173.0,3.0
83.0,-3.0
136.0,82.0
51.0,-5.0
63.0,-1.0
196.0,8.0
27.0,-8.0
103.0,-2.0
74.0,27.0
36.0,1.0
123.0,-4.0
233.0,22.0
24.0,9.0
91.0,4.0
121.0,-4.0
52.0,7.0
97.0,-6.0
80.0,16.0
109.0,9.0
60.0,0.0
196.0,25.0
176.0,117.0
104.0,47.0
44.0,4.0
52.0,19.0
25.0,-6.0
177.0,15.0
113.0,12.0
73.0,-3.0
62.0,0.0
95.0,-9.0
41.0,24.0
55.0,43.0
54.0,57.0
49.0,26.0
41.0,-6.0
189.0,-7.0
62.0,-3.0
88.0,2.0
47.0,10.0
131.0,146.0
55.0,9.0
18.0,-17.0
26.0,-5.0
87.0,3.0
11.0,-1.0
75.0,15.0
171.0,27.0
80.0,48.0
217.0,-2.0
113.0,3.0
58.0,-3.0
91.0,-8.0
25.0,5.0
126.0,10.0
42.0,20.0
98.0,-2.0
242.0,28.0
79.0,10.0
84.0,3.0
71.0,3.0
83.0,1.0
106.0,-25.0
102.0,18.0
29.0,-11.0
79.0,6.0
46.0,-11.0
179.0,31.0
132.0,11.0
122.0,-4.0
39.0,21.0
84.0,110.0
71.0,-3.0
43.0,13.0
57.0,2.0
150.0,47.0
62.0,17.0
191.0,1.0
39.0,27.0
169.0,-1.0
27.0,-12.0
81.0,40.0
112.0,-5.0
33.0,-2.0
125.0,1.0
123.0,1.0
52.0,25.0
72.0,0.0
54.0,13.0
51.0,0.0
60.0,0.0
56.0,97.0
53.0,15.0
155.0,-6.0
85.0,15.0
80.0,9.0
202.0,6.0
175.0,15.0
93.0,10.0
77.0,-3.0
113.0,38.0
43.0,-7.0
46.0,72.0
53.0,36.0
38.0,5.0
82.0,-67.0
116.0,4.0
66.0,8.0
127.0,5.0
217.0,11.0
141.0,2.0
111.0,-1.0
171.0,-11.0
111.0,99.0
111.0,72.0
185.0,2.0
46.0,-2.0
40.0,50.0
101.0,18.0
61.0,5.0
54.0,25.0
42.0,18.0
83.0,60.0
32.0,-14.0
60.0,2.0
173.0,13.0
35.0,68.0
76.0,8.0
51.0,45.0
54.0,49.0
73.0,-2.0
129.0,16.0
151.0,-4.0
33.0,-4.0
54.0,-3.0
125.0,3.0
52.0,72.0
79.0,-6.0
48.0,44.0
86.0,3.0
54.0,-7.0
53.0,3.0
52.0,8.0
163.0,3.0
94.0,-1.0
47.0,6.0
249.0,12.0
51.0,76.0
26.0,-2.0
71.0,5.0
30.0,-2.0
142.0,5.0
69.0,2.0
211.0,16.0
85.0,52.0
51.0,43.0
66.0,68.0
129.0,10.0
36.0,33.0
45.0,-12.0
182.0,2.0
45.0,103.0
69.0,-3.0
61.0,14.0
56.0,40.0
46.0,35.0
122.0,0.0
124.0,4.0
60.0,46.0
84.0,-5.0
36.0,-5.0
128.0,21.0
68.0,87.0
19.0,66.0
50.0,11.0
98.0,5.0
30.0,8.0
83.0,5.0
72.0,61.0
90.0,4.0
46.0,3.0
80.0,-8.0
66.0,72.0
53.0,-7.0
77.0,-7.0
130.0,61.0
82.0,9.0
60.0,-28.0
83.0,-20.0
75.0,-2.0
143.0,10.0
42.0,-4.0
52.0,-6.0
183.0,-1.0
71.0,-5.0
211.0,-1.0
32.0,-3.0
39.0,43.0
81.0,13.0
110.0,10.0
56.0,42.0
121.0,-4.0
68.0,3.0
68.0,-3.0
176.0,124.0
147.0,15.0
173.0,127.0
53.0,60.0
149.0,41.0
47.0,-7.0
36.0,18.0
228.0,2.0
95.0,1.0
120.0,3.0
116.0,-8.0
61.0,10.0
83.0,12.0
83.0,21.0
140.0,8.0
120.0,134.0
127.0,39.0
56.0,13.0
36.0,21.0
111.0,6.0
86.0,-12.0
80.0,10.0
173.0,19.0
181.0,15.0
156.0,-2.0
95.0,-4.0
89.0,0.0
124.0,7.0
84.0,-1.0
86.0,4.0
63.0,15.0
122.0,17.0
108.0,3.0
38.0,2.0
34.0,49.0
158.0,-3.0
70.0,4.0
69.0,-27.0
30.0,-18.0
83.0,4.0
45.0,-9.0
57.0,-3.0
157.0,0.0
180.0,34.0
88.0,-4.0
78.0,-1.0
45.0,3.0
28.0,0.0
110.0,-1.0
94.0,26.0
206.0,10.0
37.0,-25.0
60.0,10.0
84.0,5.0
50.0,15.0
61.0,-1.0
65.0,-3.0
164.0,6.0
178.0,2.0
55.0,18.0
162.0,45.0
35.0,27.0
51.0,45.0
99.0,166.0
50.0,142.0
68.0,19.0
106.0,30.0
34.0,11.0
108.0,2.0
30.0,57.0
43.0,1.0
120.0,67.0
86.0,-6.0
41.0,15.0
39.0,4.0
66.0,27.0
86.0,43.0
50.0,38.0
90.0,3.0
69.0,51.0
146.0,-3.0
65.0,28.0
90.0,0.0
141.0,19.0
57.0,10.0
77.0,32.0
99.0,12.0
102.0,-17.0
88.0,18.0
99.0,-18.0
61.0,42.0
189.0,3.0
121.0,51.0
219.0,0.0
38.0,24.0
127.0,-1.0
95.0,-3.0
69.0,-8.0
218.0,-7.0
97.0,26.0
84.0,2.0
80.0,3.0
67.0,1.0
61.0,40.0
47.0,6.0
106.0,0.0
75.0,-1.0
81.0,21.0
49.0,13.0
103.0,93.0
113.0,2.0
44.0,58.0
131.0,-14.0
84.0,3.0
64.0,2.0
43.0,25.0
71.0,28.0
90.0,-2.0
70.0,101.0
98.0,1.0
113.0,-2.0
29.0,-2.0
91.0,10.0
103.0,7.0
55.0,17.0
77.0,33.0
76.0,-3.0
54.0,25.0
140.0,-3.0
46.0,3.0
72.0,5.0
71.0,7.0
72.0,26.0
73.0,80.0
116.0,-13.0
62.0,34.0
48.0,47.0
30.0,33.0
111.0,5.0
272.0,3.0
37.0,10.0
57.0,21.0
85.0,3.0
54.0,33.0
157.0,71.0
14.0,-32.0
79.0,33.0
82.0,32.0
57.0,18.0
79.0,10.0
69.0,0.0
53.0,26.0
35.0,-31.0
67.0,8.0
60.0,42.0
51.0,8.0
11.0,16.0
79.0,2.0
35.0,-2.0
80.0,-6.0
217.0,20.0
53.0,20.0
59.0,0.0
25.0,5.0
137.0,129.0
87.0,9.0
64.0,0.0
184.0,-9.0
74.0,-4.0
54.0,29.0
72.0,-1.0
76.0,16.0
109.0,19.0
51.0,2.0
63.0,6.0
116.0,0.0
47.0,3.0
41.0,5.0
139.0,36.0
163.0,22.0
45.0,34.0
40.0,3.0
111.0,-5.0
42.0,-4.0
17.0,-11.0
108.0,11.0
16.0,-7.0
72.0,0.0
46.0,-3.0
31.0,3.0
43.0,-2.0
30.0,11.0
225.0,-4.0
27.0,7.0
47.0,-6.0
105.0,-10.0
121.0,17.0
108.0,-1.0
39.0,1.0
59.0,-3.0
102.0,26.0
75.0,13.0
298.0,-1.0
49.0,-13.0
86.0,31.0
24.0,25.0
122.0,31.0
140.0,3.0
93.0,0.0
57.0,7.0
166.0,-5.0
46.0,22.0
74.0,25.0
106.0,-5.0
37.0,9.0
131.0,67.0
82.0,0.0
58.0,-1.0
84.0,8.0
136.0,9.0
127.0,19.0
83.0,-1.0
53.0,-9.0
146.0,12.0
143.0,-4.0
20.0,4.0
48.0,16.0
44.0,-2.0
36.0,-3.0
131.0,23.0
48.0,7.0
285.0,-2.0
41.0,38.0
32.0,2.0
78.0,16.0
157.0,-6.0
42.0,59.0
124.0,28.0
71.0,-3.0
68.0,36.0
24.0,8.0
133.0,6.0
117.0,9.0
155.0,15.0
43.0,17.0
49.0,27.0
243.0,9.0
36.0,22.0
155.0,22.0
35.0,32.0
112.0,4.0
57.0,-44.0
38.0,4.0
27.0,18.0
147.0,2.0
64.0,34.0
7.0,58.0
152.0,1.0
89.0,3.0
221.0,51.0
66.0,2.0
132.0,-1.0
104.0,24.0
110.0,61.0
62.0,7.0
30.0,17.0
59.0,17.0
103.0,-9.0
115.0,9.0
39.0,12.0
50.0,36.0
78.0,-8.0
110.0,10.0
68.0,43.0
76.0,74.0
49.0,0.0
104.0,14.0
68.0,-9.0
117.0,-7.0
120.0,-2.0
84.0,26.0
23.0,10.0
120.0,-1.0
126.0,-2.0
111.0,-6.0
40.0,15.0
32.0,8.0
27.0,24.0
63.0,7.0
65.0,27.0
24.0,16.0
106.0,79.0
54.0,7.0
181.0,-5.0
40.0,-5.0
65.0,10.0
70.0,5.0
117.0,-7.0
110.0,0.0
137.0,-5.0
102.0,-6.0
69.0,32.0
146.0,62.0
101.0,3.0
61.0,-1.0
82.0,5.0
111.0,10.0
138.0,3.0
154.0,9.0
44.0,-11.0
212.0,6.0
92.0,21.0
214.0,157.0
105.0,-3.0
58.0,15.0
81.0,17.0
144.0,0.0
47.0,9.0
70.0,8.0
122.0,11.0
90.0,19.0
63.0,17.0
164.0,52.0
128.0,6.0
117.0,-8.0
127.0,9.0
57.0,21.0
49.0,0.0
202.0,59.0
112.0,-3.0
50.0,-2.0
37.0,5.0
113.0,-5.0
233.0,-3.0
38.0,110.0
47.0,25.0
96.0,25.0
115.0,7.0
131.0,8.0
36.0,4.0
31.0,32.0
85.0,32.0
56.0,20.0
66.0,90.0
251.0,2.0
47.0,16.0
57.0,7.0
76.0,-2.0
74.0,-1.0
282.0,45.0
121.0,3.0
54.0,-2.0
89.0,17.0
58.0,13.0
161.0,4.0
48.0,-10.0
111.0,-9.0
146.0,3.0
96.0,-9.0
24.0,8.0
60.0,31.0
16.0,17.0
69.0,14.0
47.0,9.0
94.0,-5.0
27.0,16.0
121.0,-4.0
36.0,50.0
109.0,-9.0
60.0,-8.0
95.0,-2.0
223.0,2.0
114.0,5.0
42.0,38.0
121.0,-7.0
56.0,3.0
136.0,28.0
89.0,14.0
146.0,0.0
84.0,19.0
137.0,-10.0
139.0,11.0
56.0,23.0
290.0,-1.0
45.0,34.0
73.0,28.0
36.0,-10.0
45.0,68.0
59.0,0.0
50.0,-20.0
87.0,1.0
99.0,3.0
32.0,58.0
79.0,83.0
112.0,13.0
161.0,39.0
115.0,71.0
131.0,16.0
41.0,11.0
43.0,19.0
68.0,-2.0
78.0,-4.0
126.0,20.0
76.0,10.0
62.0,11.0
44.0,1.0
45.0,68.0
78.0,-3.0
23.0,-5.0
35.0,0.0
93.0,16.0
186.0,12.0
38.0,-7.0
36.0,-6.0
108.0,36.0
86.0,23.0
46.0,14.0
14.0,4.0
115.0,21.0
72.0,6.0
59.0,63.0
82.0,3.0
177.0,-1.0
17.0,11.0
127.0,34.0
42.0,119.0
43.0,98.0
63.0,6.0
65.0,10.0
29.0,72.0
60.0,20.0
40.0,17.0
70.0,-13.0
42.0,22.0
124.0,46.0
180.0,70.0
244.0,11.0
143.0,6.0
38.0,-22.0
25.0,2.0
40.0,32.0
63.0,-3.0
62.0,-56.0
89.0,43.0
55.0,7.0
52.0,1.0
86.0,22.0
35.0,-2.0
49.0,15.0
36.0,3.0
77.0,32.0
69.0,3.0
42.0,57.0
71.0,17.0
126.0,1.0
44.0,139.0
45.0,40.0
28.0,8.0
54.0,41.0
23.0,-2.0
60.0,2.0
94.0,-3.0
66.0,24.0
167.0,1.0
224.0,15.0
102.0,11.0
67.0,15.0
27.0,-1.0
51.0,11.0
103.0,-2.0
48.0,3.0
222.0,-5.0
43.0,12.0
92.0,19.0
43.0,0.0
82.0,13.0
47.0,-6.0
33.0,1.0
69.0,-5.0
21.0,-15.0
131.0,28.0
34.0,21.0
66.0,-6.0
26.0,56.0
34.0,59.0
25.0,-2.0
66.0,1.0
53.0,-1.0
66.0,9.0
25.0,6.0
83.0,15.0
113.0,195.0
205.0,-4.0
46.0,11.0
51.0,-4.0
28.0,-10.0
143.0,-3.0
77.0,2.0
37.0,2.0
41.0,2.0
86.0,59.0
24.0,0.0
82.0,13.0
43.0,30.0
47.0,17.0
112.0,-3.0
90.0,-1.0
47.0,-1.0
31.0,5.0
45.0,1.0
111.0,-1.0
38.0,13.0
73.0,12.0
39.0,0.0
122.0,10.0
33.0,11.0
63.0,8.0
192.0,9.0
60.0,12.0
202.0,2.0
49.0,-3.0
66.0,-2.0
26.0,8.0
21.0,22.0
105.0,9.0
53.0,-1.0
23.0,7.0
77.0,77.0
36.0,17.0
175.0,15.0
96.0,2.0
76.0,2.0
55.0,-1.0
108.0,23.0
87.0,8.0
47.0,4.0
66.0,8.0
65.0,-4.0
73.0,-2.0
99.0,1.0
194.0,-5.0
32.0,10.0
55.0,9.0
41.0,188.0
41.0,21.0
132.0,1.0
103.0,-2.0
69.0,22.0
66.0,19.0
39.0,24.0
39.0,-7.0
66.0,144.0
51.0,-15.0
61.0,18.0
24.0,-12.0
96.0,18.0
42.0,33.0
50.0,7.0
61.0,17.0
56.0,17.0
43.0,-1.0
89.0,-2.0
44.0,14.0
145.0,-2.0
90.0,21.0
47.0,-32.0
19.0,11.0
83.0,-7.0
80.0,6.0
70.0,-4.0
88.0,16.0
65.0,32.0
83.0,3.0
80.0,-2.0
46.0,2.0
74.0,-3.0
50.0,3.0
68.0,13.0
48.0,19.0
52.0,-1.0
55.0,-12.0
76.0,54.0
62.0,7.0
194.0,11.0
60.0,11.0
45.0,13.0
38.0,51.0
202.0,-2.0
100.0,122.0
55.0,-2.0
115.0,9.0
40.0,-50.0
49.0,3.0
113.0,-4.0
57.0,9.0
52.0,89.0
188.0,-9.0
43.0,0.0
65.0,38.0
111.0,35.0
141.0,13.0
119.0,214.0
30.0,34.0
49.0,9.0
95.0,-5.0
54.0,-10.0
53.0,94.0
19.0,6.0
53.0,16.0
107.0,-5.0
84.0,21.0
87.0,158.0
71.0,-3.0
74.0,293.0
241.0,16.0
21.0,-22.0
115.0,16.0
85.0,0.0
56.0,4.0
210.0,4.0
19.0,6.0
158.0,12.0
244.0,20.0
206.0,-4.0
94.0,41.0
221.0,-4.0
233.0,8.0
30.0,25.0
56.0,109.0
45.0,-7.0
144.0,6.0
141.0,0.0
72.0,10.0
61.0,-5.0
45.0,28.0
84.0,-2.0
32.0,-13.0
57.0,22.0
67.0,20.0
65.0,7.0
147.0,32.0
56.0,-8.0
47.0,97.0
86.0,-1.0
185.0,-1.0
51.0,-4.0
130.0,-9.0
155.0,21.0
37.0,4.0
134.0,30.0
45.0,32.0
67.0,31.0
92.0,-4.0
65.0,-5.0
85.0,25.0
109.0,4.0
86.0,-3.0
243.0,8.0
70.0,33.0
82.0,-1.0
27.0,2.0
73.0,-6.0
63.0,27.0
49.0,8.0
156.0,1.0
301.0,8.0
137.0,25.0
76.0,-19.0
72.0,2.0
60.0,18.0
91.0,5.0
192.0,-4.0
33.0,1.0
89.0,1.0
127.0,1.0
167.0,10.0
34.0,5.0
50.0,30.0
122.0,17.0
78.0,-1.0
92.0,4.0
53.0,-2.0
87.0,-5.0
89.0,6.0
78.0,0.0
40.0,15.0
62.0,8.0
109.0,10.0
36.0,9.0
97.0,-7.0
41.0,9.0
67.0,5.0
88.0,16.0
23.0,-14.0
202.0,-1.0
70.0,6.0
57.0,-9.0
53.0,33.0
60.0,0.0
37.0,7.0
69.0,30.0
22.0,5.0
177.0,12.0
84.0,24.0
57.0,-2.0
57.0,22.0
153.0,4.0
66.0,172.0
118.0,0.0
120.0,59.0
77.0,10.0
63.0,4.0
56.0,-3.0
163.0,21.0
183.0,-5.0
107.0,35.0
119.0,-5.0
52.0,4.0
49.0,-18.0
83.0,-4.0
70.0,0.0
43.0,-1.0
36.0,5.0
76.0,4.0
152.0,6.0
166.0,38.0
71.0,-7.0
128.0,-1.0
126.0,22.0
94.0,-4.0
48.0,-3.0
79.0,-3.0
82.0,6.0
105.0,2.0
65.0,10.0
143.0,-5.0
95.0,33.0
128.0,0.0
31.0,43.0
69.0,-7.0
52.0,18.0
147.0,45.0
53.0,19.0
115.0,-5.0
65.0,27.0
57.0,69.0
50.0,-6.0
69.0,109.0
137.0,-5.0
71.0,1.0
47.0,0.0
34.0,-46.0
13.0,79.0
225.0,7.0
107.0,21.0
42.0,1.0
37.0,-3.0
30.0,12.0
123.0,-1.0
91.0,73.0
139.0,16.0
100.0,24.0
60.0,2.0
50.0,-1.0
183.0,-3.0
124.0,5.0
105.0,-10.0
50.0,27.0
85.0,-11.0
65.0,-1.0
211.0,-3.0
131.0,-8.0
68.0,2.0
34.0,34.0
213.0,-4.0
74.0,-8.0
56.0,21.0
198.0,-1.0
49.0,1.0
65.0,-5.0
68.0,4.0
76.0,6.0
111.0,8.0
73.0,3.0
35.0,11.0
28.0,6.0
136.0,9.0
88.0,10.0
180.0,21.0
82.0,28.0
79.0,18.0
222.0,-6.0
65.0,5.0
56.0,7.0
316.0,-23.0
190.0,-1.0
214.0,6.0
88.0,-8.0
67.0,1.0
145.0,98.0
26.0,14.0
31.0,-2.0
32.0,142.0
97.0,0.0
73.0,12.0
88.0,95.0
67.0,9.0
125.0,0.0
49.0,3.0
46.0,-14.0
181.0,4.0
178.0,-2.0
114.0,17.0
55.0,-8.0
58.0,12.0
159.0,83.0
72.0,33.0
99.0,3.0
45.0,-5.0
111.0,60.0
71.0,5.0
93.0,14.0
45.0,-5.0
18.0,-25.0
64.0,47.0
94.0,10.0
55.0,6.0
70.0,3.0
89.0,16.0
164.0,10.0
45.0,46.0
66.0,20.0
47.0,-7.0
65.0,11.0
35.0,-1.0
121.0,59.0
209.0,-1.0
46.0,-100.0
73.0,90.0
67.0,32.0
87.0,12.0
93.0,2.0
204.0,25.0
33.0,-13.0
43.0,6.0
175.0,19.0
60.0,7.0
103.0,-5.0
58.0,15.0
41.0,7.0
165.0,1.0
20.0,7.0
81.0,24.0
44.0,-3.0
63.0,4.0
50.0,-17.0
44.0,0.0
41.0,-5.0
208.0,0.0
49.0,13.0
58.0,72.0
48.0,42.0
52.0,7.0
33.0,70.0
78.0,-2.0
66.0,2.0
122.0,-18.0
31.0,3.0
38.0,6.0
97.0,-1.0
77.0,8.0
73.0,19.0
122.0,2.0
164.0,12.0
19.0,0.0
36.0,2.0
92.0,23.0
214.0,-5.0
22.0,-26.0
216.0,0.0
77.0,-10.0
93.0,13.0
145.0,-1.0
95.0,4.0
48.0,137.0
176.0,3.0
97.0,7.0
42.0,5.0
60.0,0.0
69.0,-7.0
60.0,10.0
114.0,0.0
57.0,8.0
69.0,-6.0
51.0,36.0
47.0,64.0
62.0,4.0
50.0,18.0
66.0,64.0
55.0,12.0
40.0,21.0
90.0,-4.0
38.0,-1.0
125.0,-1.0
43.0,5.0
64.0,27.0
37.0,12.0
99.0,6.0
56.0,-2.0
31.0,-15.0
47.0,-9.0
51.0,11.0
53.0,14.0
58.0,-8.0
92.0,8.0
52.0,5.0
102.0,51.0
55.0,-1.0
56.0,2.0
211.0,-6.0
47.0,7.0
35.0,4.0
131.0,-9.0
24.0,-9.0
130.0,-6.0
66.0,-13.0
22.0,8.0
103.0,4.0
56.0,-5.0
125.0,-9.0
108.0,4.0
103.0,21.0
45.0,2.0
90.0,3.0
194.0,161.0
211.0,-11.0
70.0,0.0
203.0,14.0
114.0,1.0
112.0,-11.0
38.0,3.0
69.0,-17.0
36.0,-1.0
37.0,-12.0
59.0,-7.0
114.0,-9.0
37.0,39.0
48.0,-5.0
23.0,10.0
54.0,3.0
132.0,20.0
30.0,-6.0
190.0,-1.0
143.0,0.0
51.0,3.0
34.0,2.0
33.0,1.0
57.0,39.0
126.0,1.0
42.0,4.0
96.0,21.0
209.0,275.0
49.0,49.0
484.0,57.0
40.0,23.0
85.0,-5.0
133.0,1.0
75.0,16.0
42.0,46.0
56.0,7.0
45.0,5.0
23.0,-2.0
93.0,-7.0
18.0,2.0
92.0,-19.0
39.0,-12.0
40.0,0.0
47.0,48.0
64.0,-3.0
25.0,8.0
37.0,4.0
50.0,-7.0
192.0,-1.0
50.0,-4.0
87.0,15.0
85.0,-17.0
16.0,-16.0
60.0,-2.0
90.0,24.0
71.0,-5.0
84.0,-4.0
56.0,28.0
81.0,0.0
117.0,-6.0
113.0,10.0
17.0,12.0
106.0,54.0
62.0,-33.0
83.0,15.0
75.0,0.0
54.0,4.0
91.0,10.0
43.0,1.0
167.0,-11.0
83.0,-14.0
21.0,0.0
43.0,8.0
32.0,28.0
40.0,-2.0
93.0,266.0
71.0,-11.0
66.0,23.0
53.0,-7.0
113.0,-8.0
204.0,0.0
131.0,-9.0
39.0,8.0
55.0,9.0
44.0,0.0
42.0,-7.0
50.0,9.0
61.0,1.0
40.0,-10.0
29.0,12.0
41.0,-12.0
73.0,-5.0
72.0,3.0
181.0,-5.0
94.0,66.0
74.0,6.0
50.0,-12.0
47.0,5.0
56.0,0.0
88.0,49.0
110.0,7.0
124.0,3.0
56.0,-2.0
54.0,5.0
84.0,-11.0
94.0,6.0
65.0,38.0
68.0,-36.0
52.0,14.0
20.0,100.0
77.0,35.0
48.0,3.0
88.0,36.0
23.0,-22.0
71.0,-1.0
61.0,14.0
64.0,-12.0
64.0,29.0
46.0,13.0
79.0,-4.0
36.0,4.0
27.0,24.0
118.0,41.0
125.0,-4.0
22.0,-7.0
89.0,53.0
110.0,58.0
43.0,3.0
38.0,25.0
62.0,8.0
51.0,2.0
55.0,-3.0
84.0,40.0
53.0,68.0
69.0,30.0
120.0,21.0
80.0,6.0
82.0,1.0
31.0,7.0
72.0,-9.0
117.0,5.0
35.0,4.0
47.0,1.0
114.0,70.0
46.0,-4.0
45.0,-6.0
173.0,-4.0
159.0,4.0
107.0,-6.0
192.0,3.0
73.0,-12.0
86.0,18.0
41.0,57.0
202.0,12.0
76.0,11.0
61.0,-6.0
70.0,7.0
50.0,-17.0
93.0,28.0
42.0,8.0
42.0,5.0
61.0,-4.0
121.0,-10.0
62.0,20.0
58.0,9.0
58.0,44.0
29.0,-14.0
50.0,11.0
39.0,-10.0
59.0,25.0
19.0,14.0
133.0,12.0
111.0,44.0
94.0,-16.0
143.0,-8.0
125.0,4.0
83.0,43.0
67.0,30.0
117.0,-18.0
204.0,-7.0
16.0,29.0
21.0,11.0
226.0,19.0
74.0,-5.0
31.0,10.0
56.0,-7.0
55.0,-29.0
25.0,-6.0
109.0,3.0
65.0,7.0
201.0,15.0
69.0,18.0
29.0,-10.0
106.0,-2.0
38.0,7.0
83.0,-14.0
97.0,-4.0
86.0,-1.0
119.0,1.0
9.0,-98.0
46.0,13.0
70.0,-2.0
159.0,-3.0
70.0,31.0
148.0,142.0
64.0,2.0
89.0,-3.0
161.0,4.0
49.0,-114.0
136.0,-2.0
135.0,-4.0
199.0,-1.0
64.0,-15.0
129.0,-3.0
81.0,2.0
55.0,-8.0
60.0,-6.0
107.0,30.0
69.0,-4.0
31.0,-2.0
70.0,20.0
111.0,-10.0
53.0,32.0
77.0,-9.0
52.0,5.0
48.0,-10.0
51.0,13.0
91.0,-1.0
190.0,13.0
203.0,0.0
89.0,25.0
56.0,38.0
85.0,1.0
70.0,6.0
59.0,26.0
26.0,-30.0
208.0,-1.0
73.0,-17.0
129.0,13.0
89.0,7.0
50.0,2.0
25.0,6.0
47.0,-1.0
51.0,193.0
178.0,-2.0
106.0,-3.0
104.0,-2.0
35.0,37.0
84.0,-17.0
26.0,5.0
34.0,-2.0
220.0,13.0
74.0,22.0
131.0,13.0
99.0,75.0
23.0,-1.0
78.0,-2.0
33.0,0.0
67.0,10.0
158.0,41.0
46.0,6.0
98.0,-14.0
51.0,-5.0
68.0,-2.0
62.0,-6.0
144.0,29.0
57.0,71.0
41.0,1.0
85.0,17.0
108.0,-32.0
47.0,-9.0
313.0,10.0
87.0,76.0
45.0,-33.0
60.0,42.0
131.0,30.0
29.0,21.0
55.0,1.0
31.0,3.0
61.0,-1.0
51.0,33.0
64.0,26.0
120.0,35.0
38.0,12.0
47.0,266.0
34.0,14.0
43.0,-3.0
43.0,-16.0
149.0,-7.0
90.0,28.0
166.0,6.0
36.0,-6.0
57.0,30.0
115.0,20.0
132.0,1.0
111.0,19.0
98.0,51.0
122.0,-6.0
58.0,28.0
35.0,6.0
89.0,-13.0
198.0,2.0
140.0,-6.0
45.0,23.0
74.0,22.0
48.0,5.0
45.0,-4.0
67.0,23.0
143.0,-3.0
87.0,-5.0
43.0,2.0
35.0,-1.0
28.0,8.0
68.0,-5.0
80.0,-4.0
44.0,2.0
165.0,3.0
43.0,-2.0
74.0,-3.0
25.0,0.0
26.0,-1.0
174.0,2.0
41.0,5.0
78.0,-7.0
114.0,21.0
31.0,-5.0
42.0,-2.0
39.0,3.0
149.0,2.0
43.0,6.0
97.0,6.0
83.0,-8.0
29.0,7.0
184.0,4.0
32.0,40.0
66.0,-12.0
48.0,-8.0
34.0,0.0
65.0,31.0
106.0,-8.0
25.0,-8.0
94.0,22.0
51.0,6.0
94.0,135.0
58.0,103.0
84.0,83.0
77.0,55.0
43.0,15.0
116.0,24.0
123.0,96.0
57.0,0.0
97.0,-11.0
127.0,11.0
22.0,3.0
62.0,46.0
40.0,-4.0
43.0,24.0
171.0,-7.0
86.0,26.0
136.0,-1.0
286.0,6.0
57.0,-33.0
94.0,-20.0
29.0,-5.0
63.0,-29.0
52.0,72.0
64.0,-23.0
68.0,2.0
44.0,-9.0
24.0,-4.0
29.0,0.0
34.0,51.0
150.0,13.0
24.0,-7.0
68.0,-3.0
39.0,-4.0
41.0,-12.0
43.0,-7.0
187.0,-6.0
84.0,78.0
68.0,-5.0
135.0,3.0
73.0,-4.0
46.0,-15.0
112.0,30.0
20.0,-1.0
40.0,8.0
50.0,186.0
32.0,0.0
93.0,-3.0
140.0,3.0
115.0,-6.0
110.0,19.0
48.0,13.0
46.0,-4.0
89.0,2.0
46.0,5.0
39.0,9.0
77.0,-5.0
39.0,-3.0
182.0,-6.0
87.0,-3.0
93.0,0.0
136.0,15.0
74.0,-9.0
45.0,-4.0
75.0,6.0
29.0,60.0
56.0,-14.0
69.0,3.0
23.0,2.0
14.0,-15.0
88.0,12.0
62.0,26.0
49.0,-28.0
32.0,23.0
122.0,20.0
43.0,11.0
164.0,-3.0
34.0,4.0
85.0,-4.0
71.0,-25.0
96.0,-2.0
56.0,83.0
42.0,70.0
36.0,29.0
134.0,15.0
106.0,-7.0
63.0,64.0
87.0,8.0
56.0,66.0
219.0,-1.0
51.0,52.0
93.0,42.0
238.0,8.0
48.0,15.0
47.0,53.0
61.0,-4.0
54.0,0.0
59.0,8.0
28.0,-8.0
43.0,5.0
51.0,0.0
26.0,-9.0
152.0,30.0
69.0,0.0
35.0,0.0
103.0,-2.0
70.0,1.0
81.0,-8.0
79.0,-8.0
36.0,28.0
80.0,0.0
163.0,9.0
17.0,1.0
34.0,-3.0
70.0,-17.0
63.0,-9.0
45.0,-10.0
51.0,-8.0
123.0,32.0
167.0,-8.0
58.0,-2.0
33.0,2.0
42.0,-4.0
75.0,-1.0
53.0,2.0
40.0,112.0
65.0,9.0
61.0,14.0
34.0,35.0
114.0,29.0
75.0,16.0
25.0,15.0
112.0,25.0
63.0,-20.0
98.0,27.0
55.0,8.0
77.0,-3.0
91.0,3.0
74.0,10.0
36.0,9.0
58.0,101.0
26.0,2.0
19.0,-22.0
65.0,7.0
110.0,74.0
77.0,-2.0
59.0,-6.0
30.0,13.0
35.0,3.0
154.0,-5.0
56.0,66.0
66.0,-5.0
72.0,-2.0
32.0,55.0
98.0,-10.0
113.0,47.0
72.0,4.0
33.0,-14.0
47.0,117.0
62.0,38.0
158.0,30.0
56.0,0.0
107.0,43.0
63.0,24.0
29.0,36.0
107.0,44.0
125.0,3.0
60.0,18.0
86.0,25.0
138.0,39.0
52.0,23.0
138.0,15.0
48.0,28.0
134.0,37.0
92.0,16.0
109.0,-10.0
22.0,-5.0
129.0,-1.0
94.0,-9.0
72.0,-3.0
54.0,11.0
40.0,-4.0
35.0,-2.0
50.0,1.0
28.0,47.0
191.0,-6.0
83.0,-11.0
93.0,14.0
90.0,-1.0
38.0,-16.0
142.0,-13.0
39.0,7.0
34.0,16.0
41.0,60.0
47.0,66.0
145.0,78.0
86.0,9.0
34.0,27.0
63.0,17.0
100.0,2.0
88.0,12.0
56.0,-3.0
50.0,-75.0
104.0,-8.0
126.0,4.0
135.0,18.0
38.0,-1.0
83.0,-8.0
81.0,12.0
118.0,9.0
54.0,0.0
28.0,-7.0
75.0,6.0
96.0,53.0
85.0,-1.0
18.0,13.0
48.0,0.0
118.0,1.0
94.0,21.0
100.0,-3.0
54.0,-8.0
72.0,-11.0
62.0,-30.0
58.0,-11.0
75.0,29.0
95.0,0.0
54.0,44.0
24.0,74.0
93.0,31.0
62.0,-4.0
89.0,18.0
40.0,-8.0
26.0,-2.0
141.0,-13.0
13.0,-10.0
70.0,-5.0
77.0,-17.0
73.0,-15.0
48.0,122.0
72.0,30.0
90.0,-9.0
45.0,9.0
115.0,16.0
69.0,50.0
136.0,17.0
51.0,34.0
50.0,51.0
47.0,-6.0
33.0,5.0
64.0,12.0
54.0,12.0
104.0,2.0
51.0,22.0
135.0,44.0
26.0,16.0
41.0,61.0
45.0,21.0
66.0,1.0
51.0,29.0
50.0,-17.0
80.0,-8.0
53.0,-9.0
63.0,1.0
102.0,-5.0
108.0,5.0
51.0,5.0
59.0,-16.0
79.0,56.0
69.0,-3.0
62.0,-4.0
64.0,1.0
111.0,-6.0
60.0,-9.0
43.0,0.0
110.0,13.0
124.0,-7.0
68.0,33.0
39.0,20.0
58.0,12.0
38.0,-14.0
51.0,-7.0
177.0,-14.0
58.0,88.0
44.0,35.0
109.0,24.0
130.0,0.0
53.0,-6.0
161.0,-7.0
66.0,32.0
52.0,12.0
67.0,-8.0
129.0,1.0
81.0,-28.0
98.0,-10.0
172.0,-13.0
130.0,-7.0
99.0,-5.0
143.0,0.0
63.0,4.0
67.0,13.0
61.0,-115.0
107.0,12.0
63.0,47.0
105.0,-2.0
163.0,51.0
44.0,17.0
131.0,47.0
68.0,-5.0
77.0,-4.0
93.0,32.0
102.0,15.0
26.0,0.0
60.0,1.0
92.0,8.0
42.0,-27.0
142.0,-3.0
46.0,-7.0
53.0,8.0
44.0,-12.0
61.0,-7.0
63.0,-2.0
104.0,4.0
51.0,45.0
85.0,5.0
82.0,142.0
69.0,9.0
82.0,7.0
129.0,6.0
48.0,7.0
90.0,-1.0
44.0,-11.0
111.0,-10.0
85.0,-8.0
68.0,-23.0
113.0,-6.0
66.0,38.0
69.0,-20.0
52.0,-7.0
45.0,13.0
80.0,-6.0
46.0,-5.0
95.0,-6.0
48.0,26.0
83.0,64.0
94.0,21.0
56.0,50.0
61.0,-17.0
157.0,113.0
134.0,3.0
129.0,15.0
57.0,26.0
116.0,4.0
89.0,26.0
33.0,30.0
44.0,-128.0
77.0,4.0
51.0,32.0
128.0,-19.0
29.0,2.0
60.0,15.0
127.0,13.0
75.0,-20.0
51.0,3.0
114.0,-11.0
73.0,5.0
22.0,0.0
69.0,0.0
60.0,2.0
30.0,-3.0
41.0,-36.0
39.0,-1.0
24.0,-3.0
34.0,40.0
41.0,-2.0
41.0,15.0
62.0,-5.0
127.0,-9.0
30.0,-11.0
98.0,0.0
76.0,8.0
49.0,16.0
62.0,-11.0
127.0,-6.0
32.0,1.0
156.0,-7.0
66.0,-2.0
56.0,96.0
71.0,-2.0
59.0,2.0
89.0,1.0
113.0,37.0
58.0,1.0
63.0,-21.0
49.0,3.0
71.0,-2.0
62.0,-15.0
79.0,-11.0
126.0,13.0
60.0,4.0
91.0,1.0
55.0,16.0
65.0,-9.0
55.0,-3.0
98.0,30.0
71.0,-12.0
37.0,-13.0
51.0,-18.0
89.0,-6.0
119.0,-7.0
56.0,120.0
95.0,-8.0
60.0,2.0
43.0,-14.0
109.0,8.0
64.0,68.0
52.0,16.0
46.0,51.0
107.0,6.0
52.0,2.0
138.0,-2.0
56.0,4.0
49.0,20.0
41.0,33.0
58.0,15.0
70.0,-2.0
40.0,25.0
34.0,16.0
84.0,2.0
-50.0,41.0
117.0,24.0
290.0,39.0
87.0,51.0
63.0,38.0
82.0,-6.0
52.0,53.0
69.0,7.0
54.0,-13.0
89.0,1.0
30.0,-8.0
44.0,0.0
54.0,-4.0
67.0,13.0
217.0,0.0
46.0,-8.0
94.0,-10.0
66.0,13.0
77.0,-24.0
114.0,3.0
110.0,6.0
40.0,4.0
42.0,-13.0
306.0,-1.0
55.0,-4.0
63.0,-16.0
43.0,12.0
120.0,-3.0
65.0,52.0
104.0,20.0
87.0,4.0
124.0,25.0
66.0,41.0
277.0,30.0
47.0,21.0
45.0,-13.0
48.0,-8.0
54.0,6.0
67.0,8.0
123.0,5.0
57.0,-3.0
21.0,36.0
43.0,-4.0
41.0,2.0
118.0,91.0
114.0,130.0
52.0,39.0
61.0,24.0
42.0,5.0
120.0,-2.0
67.0,6.0
46.0,-7.0
64.0,5.0
57.0,10.0
36.0,0.0
21.0,37.0
72.0,27.0
293.0,3.0
48.0,-8.0
65.0,34.0
54.0,-3.0
38.0,-11.0
30.0,14.0
52.0,4.0
145.0,6.0
51.0,-10.0
107.0,1.0
61.0,-7.0
110.0,4.0
56.0,2.0
120.0,1.0
59.0,68.0
92.0,2.0
65.0,-13.0
75.0,-8.0
48.0,1.0
110.0,189.0
40.0,-16.0
114.0,3.0
57.0,35.0
29.0,-6.0
102.0,5.0
57.0,51.0
62.0,-6.0
132.0,15.0
57.0,6.0
91.0,-1.0
89.0,1.0
84.0,60.0
133.0,10.0
47.0,10.0
66.0,32.0
42.0,62.0
64.0,6.0
89.0,10.0
79.0,6.0
88.0,-1.0
92.0,6.0
143.0,-16.0
85.0,2.0
55.0,13.0
48.0,-10.0
69.0,4.0
55.0,18.0
37.0,-5.0
76.0,-1.0
112.0,10.0
69.0,2.0
24.0,-8.0
36.0,6.0
38.0,24.0
68.0,4.0
39.0,-11.0
55.0,13.0
284.0,2.0
131.0,9.0
104.0,78.0
53.0,-4.0
103.0,-1.0
162.0,45.0
50.0,-9.0
39.0,85.0
82.0,35.0
41.0,-2.0
139.0,105.0
99.0,-20.0
31.0,-17.0
56.0,4.0
48.0,-1.0
62.0,8.0
111.0,4.0
91.0,5.0
44.0,15.0
55.0,16.0
87.0,7.0
59.0,-43.0
116.0,65.0
94.0,14.0
54.0,18.0
52.0,-3.0
37.0,15.0
43.0,33.0
45.0,-3.0
37.0,3.0
60.0,28.0
57.0,60.0
144.0,9.0
314.0,-6.0
293.0,-10.0
69.0,2.0
110.0,1.0
30.0,25.0
22.0,-12.0
83.0,-4.0
41.0,0.0
71.0,4.0
116.0,0.0
297.0,-2.0
104.0,2.0
73.0,-2.0
281.0,-7.0
74.0,38.0
48.0,5.0
42.0,14.0
20.0,-26.0
96.0,4.0
24.0,18.0
42.0,28.0
70.0,20.0
71.0,16.0
75.0,6.0
54.0,52.0
54.0,-14.0
83.0,5.0
18.0,-4.0
64.0,2.0
77.0,58.0
57.0,60.0
137.0,-4.0
61.0,5.0
89.0,51.0
266.0,14.0
131.0,3.0
70.0,5.0
57.0,6.0
75.0,9.0
75.0,15.0
59.0,-6.0
72.0,49.0
29.0,-1.0
23.0,-49.0
72.0,-12.0
56.0,7.0
69.0,20.0
36.0,-13.0
76.0,4.0
127.0,3.0
69.0,19.0
49.0,13.0
66.0,-7.0
64.0,-5.0
137.0,-4.0
112.0,14.0
49.0,-2.0
27.0,53.0
56.0,-4.0
64.0,28.0
50.0,27.0
109.0,-12.0
109.0,1.0
64.0,50.0
65.0,-4.0
49.0,602.0
96.0,50.0
22.0,-15.0
288.0,6.0
281.0,8.0
37.0,-33.0
286.0,1.0
50.0,3.0
298.0,0.0
46.0,24.0
25.0,-6.0
114.0,-1.0
136.0,1.0
89.0,-25.0
42.0,1.0
51.0,16.0
93.0,3.0
52.0,-5.0
101.0,6.0
264.0,3.0
55.0,-20.0
59.0,23.0
293.0,5.0
66.0,19.0
310.0,17.0
34.0,13.0
61.0,-14.0
295.0,2.0
35.0,32.0
42.0,10.0
43.0,19.0
59.0,20.0
56.0,17.0
66.0,18.0
119.0,83.0
302.0,-3.0
32.0,-4.0
104.0,0.0
45.0,1.0
57.0,13.0
51.0,0.0
84.0,66.0
45.0,-11.0
60.0,7.0
53.0,-11.0
55.0,-7.0
51.0,26.0
56.0,-2.0
70.0,115.0
305.0,2.0
39.0,4.0
57.0,-15.0
54.0,166.0
291.0,48.0
86.0,-11.0
302.0,2.0
65.0,-1.0
47.0,67.0
28.0,4.0
38.0,-8.0
127.0,7.0
87.0,0.0
256.0,1.0
69.0,50.0
297.0,14.0
29.0,-8.0
54.0,-10.0
56.0,9.0
50.0,5.0
83.0,-31.0
132.0,34.0
61.0,15.0
24.0,5.0
307.0,50.0
51.0,-9.0
69.0,19.0
27.0,10.0
59.0,26.0
85.0,5.0
249.0,-9.0
63.0,-3.0
56.0,4.0
245.0,5.0
288.0,16.0
188.0,-13.0
49.0,-12.0
68.0,1.0
282.0,0.0
253.0,-1.0
44.0,32.0
104.0,18.0
27.0,0.0
41.0,-13.0
102.0,4.0
74.0,0.0
57.0,11.0
63.0,2.0
103.0,4.0
54.0,8.0
257.0,-1.0
129.0,41.0
101.0,9.0
41.0,-12.0
57.0,29.0
59.0,2.0
302.0,2.0
52.0,134.0
55.0,2.0
259.0,0.0
301.0,8.0
245.0,15.0
40.0,17.0
289.0,0.0
133.0,-6.0
85.0,12.0
38.0,-12.0
50.0,-7.0
105.0,-52.0
118.0,-16.0
256.0,18.0
14.0,-9.0
24.0,-5.0
295.0,-2.0
66.0,40.0
80.0,-8.0
260.0,3.0
212.0,40.0
17.0,51.0
251.0,83.0
61.0,20.0
101.0,7.0
48.0,130.0
68.0,20.0
42.0,0.0
96.0,9.0
68.0,1.0
33.0,-2.0
87.0,-63.0
112.0,24.0
211.0,4.0
272.0,3.0
109.0,233.0
18.0,32.0
74.0,21.0
124.0,40.0
318.0,4.0
184.0,-27.0
89.0,4.0
66.0,1.0
78.0,20.0
209.0,10.0
300.0,-5.0
261.0,19.0
45.0,-2.0
81.0,9.0
264.0,15.0
43.0,9.0
269.0,-5.0
110.0,-3.0
51.0,39.0
42.0,-3.0
46.0,2.0
272.0,-4.0
116.0,15.0
277.0,6.0
27.0,-13.0
29.0,-4.0
26.0,-2.0
268.0,72.0
285.0,-2.0
271.0,6.0
268.0,89.0
59.0,-5.0
83.0,64.0
273.0,9.0
264.0,25.0
267.0,74.0
284.0,-2.0
267.0,8.0
260.0,35.0
249.0,-4.0
36.0,7.0
288.0,9.0
286.0,27.0
34.0,-8.0
191.0,4.0
311.0,23.0
251.0,1.0
213.0,17.0
247.0,-1.0
265.0,-3.0
313.0,12.0
26.0,34.0
68.0,8.0
207.0,3.0
16.0,-1.0
13.0,5.0
208.0,15.0
43.0,-3.0
2.0,5.0
54.0,-5.0
298.0,63.0
217.0,6.0
287.0,43.0
244.0,1.0
293.0,28.0
117.0,3.0
221.0,-4.0
241.0,-5.0
42.0,39.0
55.0,5.0
91.0,10.0
233.0,7.0
65.0,30.0
230.0,11.0
258.0,14.0
46.0,21.0
64.0,14.0
247.0,11.0
252.0,-5.0
43.0,5.0
88.0,120.0
210.0,7.0
134.0,11.0
50.0,11.0
56.0,-20.0
82.0,-5.0
240.0,0.0
144.0,7.0
62.0,13.0
241.0,12.0
196.0,8.0
239.0,9.0
246.0,1.0
66.0,18.0
62.0,20.0
235.0,8.0
55.0,18.0
28.0,-16.0
48.0,-316.0
246.0,35.0
41.0,41.0
23.0,18.0
31.0,5.0
52.0,-7.0
24.0,10.0
241.0,-5.0
273.0,97.0
151.0,15.0
292.0,36.0
240.0,11.0
51.0,17.0
44.0,-1.0
270.0,11.0
49.0,-9.0
64.0,25.0
54.0,20.0
25.0,36.0
304.0,61.0
305.0,-4.0
206.0,9.0
59.0,-5.0
53.0,4.0
33.0,23.0
223.0,22.0
230.0,0.0
281.0,3.0
171.0,0.0
29.0,14.0
212.0,-4.0
98.0,39.0
196.0,-12.0
231.0,3.0
236.0,7.0
218.0,-3.0
217.0,16.0
227.0,-1.0
294.0,54.0
211.0,3.0
223.0,22.0
318.0,8.0
31.0,0.0
288.0,14.0
36.0,2.0
87.0,-53.0
41.0,7.0
85.0,42.0
35.0,-86.0
45.0,-5.0
92.0,6.0
72.0,-16.0
243.0,-8.0
39.0,34.0
136.0,-12.0
254.0,7.0
264.0,1.0
69.0,87.0
26.0,5.0
306.0,20.0
214.0,0.0
65.0,70.0
281.0,18.0
224.0,-7.0
22.0,20.0
22.0,92.0
25.0,4.0
205.0,13.0
33.0,-5.0
154.0,-10.0
243.0,19.0
31.0,10.0
300.0,16.0
237.0,13.0
270.0,23.0
264.0,-3.0
299.0,-12.0
40.0,77.0
230.0,20.0
296.0,13.0
231.0,12.0
190.0,-25.0
207.0,12.0
252.0,9.0
218.0,13.0
242.0,2.0
174.0,18.0
192.0,-5.0
94.0,-19.0
284.0,5.0
247.0,34.0
123.0,223.0
57.0,13.0
279.0,15.0
260.0,69.0
281.0,0.0
111.0,54.0
191.0,-1.0
125.0,-14.0
282.0,4.0
45.0,56.0
64.0,1.0
234.0,3.0
188.0,6.0
175.0,-2.0
22.0,0.0
302.0,14.0
85.0,-8.0
220.0,12.0
206.0,6.0
291.0,20.0
199.0,6.0
303.0,4.0
126.0,-7.0
177.0,10.0
106.0,15.0
84.0,-23.0
176.0,12.0
177.0,19.0
296.0,18.0
253.0,33.0
206.0,12.0
216.0,-8.0
114.0,-27.0
53.0,-71.0
47.0,-8.0
199.0,2.0
288.0,17.0
259.0,-4.0
233.0,36.0
48.0,45.0
301.0,16.0
161.0,-10.0
49.0,5.0
262.0,-9.0
87.0,-2.0
212.0,7.0
60.0,0.0
157.0,-2.0
148.0,-67.0
218.0,3.0
240.0,-16.0
109.0,32.0
269.0,3.0
209.0,2.0
232.0,34.0
183.0,-2.0
198.0,3.0
294.0,-10.0
46.0,28.0
256.0,9.0
245.0,-13.0
51.0,-9.0
278.0,-8.0
269.0,-5.0
302.0,6.0
222.0,0.0
165.0,-1.0
237.0,10.0
139.0,-5.0
177.0,16.0
200.0,0.0
201.0,15.0
200.0,3.0
241.0,6.0
91.0,8.0
206.0,-9.0
196.0,20.0
149.0,-2.0
74.0,16.0
163.0,2.0
63.0,-4.0
108.0,16.0
62.0,74.0
45.0,169.0
58.0,-7.0
205.0,-6.0
241.0,7.0
183.0,-2.0
292.0,164.0
64.0,-1.0
109.0,28.0
306.0,-6.0
46.0,-4.0
82.0,-10.0
47.0,78.0
67.0,79.0
150.0,10.0
64.0,48.0
22.0,70.0
89.0,72.0
181.0,-3.0
60.0,123.0
123.0,-17.0
162.0,6.0
145.0,4.0
95.0,11.0
86.0,-45.0
69.0,-9.0
52.0,83.0
81.0,78.0
85.0,-1.0
210.0,3.0
102.0,-13.0
190.0,1.0
76.0,53.0
28.0,14.0
50.0,-13.0
124.0,9.0
274.0,6.0
230.0,10.0
62.0,-1.0
218.0,-28.0
212.0,-17.0
174.0,0.0
267.0,12.0
97.0,-1.0
31.0,-1.0
167.0,2.0
171.0,42.0
241.0,12.0
73.0,2.0
94.0,18.0
201.0,1.0
58.0,-5.0
207.0,21.0
50.0,10.0
104.0,1.0
265.0,1.0
258.0,3.0
83.0,27.0
27.0,1.0
94.0,-19.0
193.0,16.0
246.0,6.0
247.0,8.0
82.0,12.0
77.0,10.0
53.0,25.0
243.0,10.0
213.0,13.0
113.0,-4.0
173.0,-4.0
96.0,-22.0
71.0,-4.0
101.0,3.0
223.0,9.0
45.0,-10.0
210.0,14.0
66.0,10.0
78.0,-9.0
114.0,6.0
53.0,2.0
218.0,14.0
32.0,-7.0
270.0,-5.0
301.0,4.0
87.0,-6.0
103.0,5.0
58.0,-1.0
156.0,14.0
45.0,-17.0
86.0,1.0
79.0,8.0
197.0,-1.0
130.0,-3.0
68.0,70.0
67.0,-24.0
96.0,-28.0
196.0,-7.0
198.0,12.0
293.0,-1.0
187.0,6.0
69.0,23.0
93.0,-7.0
46.0,-5.0
108.0,14.0
180.0,2.0
68.0,-7.0
188.0,-3.0
128.0,16.0
83.0,11.0
92.0,1.0
90.0,-5.0
63.0,48.0
233.0,0.0
123.0,-8.0
103.0,-5.0
107.0,4.0
233.0,-2.0
117.0,124.0
209.0,2.0
36.0,-21.0
101.0,8.0
221.0,2.0
145.0,8.0
222.0,14.0
95.0,3.0
62.0,11.0
246.0,2.0
107.0,-3.0
105.0,-6.0
98.0,-2.0
91.0,7.0
65.0,8.0
216.0,1.0
180.0,-4.0
121.0,5.0
171.0,7.0
137.0,27.0
89.0,11.0
130.0,4.0
184.0,-10.0
58.0,24.0
93.0,-2.0
61.0,0.0
79.0,-6.0
175.0,-13.0
72.0,-9.0
76.0,-35.0
134.0,37.0
98.0,5.0
188.0,-1.0
168.0,3.0
122.0,52.0
82.0,20.0
124.0,8.0
100.0,10.0
51.0,9.0
100.0,12.0
38.0,-14.0
102.0,2.0
52.0,0.0
103.0,0.0
110.0,3.0
301.0,-4.0
211.0,13.0
165.0,14.0
65.0,36.0
117.0,4.0
225.0,10.0
46.0,19.0
55.0,17.0
105.0,15.0
224.0,1.0
155.0,-39.0
111.0,4.0
46.0,13.0
85.0,8.0
46.0,7.0
222.0,12.0
157.0,9.0
14.0,317.0
69.0,14.0
30.0,14.0
51.0,10.0
56.0,15.0
85.0,4.0
38.0,32.0
126.0,2.0
81.0,27.0
66.0,24.0
84.0,7.0
67.0,16.0
66.0,-23.0
34.0,-2.0
98.0,-16.0
83.0,21.0
104.0,4.0
103.0,-11.0
108.0,-11.0
81.0,45.0
92.0,3.0
190.0,17.0
71.0,16.0
229.0,12.0
55.0,0.0
45.0,-12.0
129.0,6.0
207.0,0.0
78.0,5.0
44.0,32.0
65.0,-6.0
164.0,-12.0
170.0,-15.0
81.0,18.0
57.0,1.0
39.0,-10.0
156.0,59.0
61.0,8.0
63.0,-13.0
90.0,-2.0
89.0,-5.0
55.0,-21.0
42.0,-9.0
130.0,0.0
205.0,6.0
73.0,19.0
49.0,-2.0
33.0,-11.0
113.0,25.0
98.0,3.0
83.0,9.0
46.0,9.0
185.0,-7.0
51.0,12.0
136.0,33.0
80.0,21.0
48.0,-10.0
62.0,-5.0
61.0,3.0
117.0,7.0
62.0,11.0
93.0,9.0
70.0,-3.0
64.0,5.0
83.0,10.0
73.0,15.0
79.0,6.0
105.0,33.0
36.0,-4.0
149.0,-1.0
77.0,4.0
142.0,-5.0
81.0,7.0
182.0,9.0
118.0,-3.0
152.0,6.0
89.0,-6.0
45.0,20.0
96.0,17.0
45.0,19.0
46.0,5.0
69.0,-5.0
44.0,7.0
65.0,10.0
74.0,-3.0
97.0,5.0
109.0,27.0
49.0,15.0
93.0,-11.0
110.0,14.0
25.0,-39.0
62.0,33.0
149.0,-3.0
67.0,7.0
107.0,5.0
48.0,-1.0
98.0,13.0
81.0,11.0
50.0,-18.0
67.0,-20.0
55.0,14.0
124.0,-6.0
76.0,-4.0
64.0,7.0
106.0,81.0
39.0,21.0
37.0,-3.0
58.0,11.0
50.0,56.0
137.0,-29.0
67.0,-3.0
106.0,-8.0
59.0,6.0
136.0,15.0
41.0,-5.0
72.0,6.0
33.0,-10.0
73.0,12.0
37.0,-1.0
33.0,15.0
36.0,45.0
46.0,-4.0
72.0,2.0
222.0,2.0
102.0,-4.0
65.0,-1.0
44.0,24.0
46.0,18.0
87.0,-6.0
55.0,-2.0
199.0,17.0
83.0,30.0
75.0,12.0
32.0,-1.0
75.0,16.0
65.0,-8.0
66.0,28.0
93.0,8.0
46.0,12.0
89.0,18.0
35.0,5.0
39.0,-8.0
98.0,-1.0
38.0,4.0
72.0,2.0
59.0,10.0
66.0,-4.0
68.0,20.0
65.0,-2.0
51.0,12.0
67.0,-8.0
98.0,7.0
134.0,101.0
38.0,0.0
214.0,12.0
49.0,7.0
219.0,53.0
25.0,-14.0
199.0,-1.0
85.0,-4.0
61.0,12.0
188.0,-7.0
239.0,49.0
83.0,10.0
61.0,109.0
105.0,9.0
52.0,-1.0
51.0,6.0
118.0,17.0
68.0,6.0
57.0,-4.0
62.0,1.0
101.0,120.0
61.0,65.0
65.0,-7.0
209.0,62.0
117.0,20.0
42.0,8.0
84.0,-3.0
37.0,-37.0
74.0,21.0
256.0,51.0
65.0,-8.0
105.0,-3.0
73.0,1.0
172.0,14.0
80.0,-7.0
88.0,2.0
79.0,9.0
78.0,-10.0
109.0,-1.0
89.0,-1.0
71.0,13.0
174.0,-29.0
85.0,32.0
156.0,14.0
129.0,-6.0
75.0,-3.0
80.0,17.0
75.0,4.0
51.0,8.0
144.0,87.0
85.0,-4.0
128.0,3.0
126.0,73.0
34.0,81.0
52.0,1.0
71.0,5.0
93.0,56.0
63.0,-1.0
66.0,5.0
57.0,10.0
82.0,1.0
36.0,-3.0
68.0,-5.0
45.0,115.0
84.0,94.0
19.0,-2.0
45.0,10.0
62.0,31.0
64.0,2.0
145.0,73.0
49.0,93.0
114.0,83.0
72.0,-4.0
